,0,1,2,3,4,5,6,7,8,9,10,11,12,13,14,15,16,17,18,19,Duygu
0,-1989.6737,187.04402,77.35047,54.803585,-11.535819,-40.370697,-48.517765,-19.686028,-77.67186,3.9715655,-46.031082,5.16818,-23.204578,-20.37942,-19.569727,31.574644,-27.397627,-14.505507,0.30307946,-11.818251,human
0,-1052.1398,598.1729,-203.04759,224.0256,78.24171,-62.788567,-27.811762,-69.94689,-53.25248,-27.324888,-8.9661455,2.9584365,-7.80246,-13.865058,-24.967731,-2.5542207,-24.75879,-17.901693,-5.0670166,-24.48914,human
0,-1959.9229,236.0373,65.62617,8.373357,-36.533215,-47.87756,-39.832817,-12.417873,-70.11303,-0.021913346,-58.033688,2.74436,-14.2936945,1.1709696,-28.787617,34.381496,-38.23911,-12.605842,10.576457,-28.327347,human
0,-2584.513,84.62608,42.699974,-1.3593799,-26.076044,-15.572105,-36.765022,-8.532823,-31.64767,2.7721188,-16.316912,3.379773,-13.695999,8.179306,-7.0739875,6.4880147,-8.877223,-9.944868,5.441203,-10.225653,human
0,-1150.7938,636.77655,-150.00801,148.08043,53.2114,-78.87707,5.1363297,-47.738907,-51.9746,-14.92873,-23.36644,0.7279772,-2.697351,-21.396778,-0.6878205,-1.7614542,-32.805824,-12.376425,-1.2725744,-16.448902,human
0,-1113.642,669.04364,-88.18834,97.218834,36.75369,-52.718025,5.1272187,-46.924923,-55.846848,-36.5838,-15.733989,26.463114,10.10869,-23.339117,-9.066635,0.51850253,-44.19227,-27.505726,11.679874,-28.546162,human
0,-2426.9023,129.8809,-13.07817,36.635757,15.997016,12.573037,-33.63685,-10.903915,-76.13998,3.4204652,-42.910305,10.89984,-22.98136,7.540255,-18.112648,25.936094,-25.499811,-9.910507,-2.5453906,-5.2668123,human
0,-2022.7428,193.79105,173.29909,15.204155,-28.907167,63.65438,-106.00744,7.095289,-59.202354,31.228722,-75.66566,5.4269776,-10.65478,-12.895124,-22.111803,-3.5709589,-3.9748213,-14.026509,4.5620804,-15.683464,human
0,-1735.7509,230.79205,-7.4024296,107.39345,90.925674,-2.7271273,-23.276093,-33.757954,-166.40086,32.052425,-65.43045,21.17426,-72.42281,21.641829,-20.3754,24.866804,-47.539246,-24.84313,-9.433266,-28.470062,human
0,-2115.5017,74.8198,57.263027,59.202396,40.452473,17.071991,-34.823772,-12.819873,-85.09209,2.07148,-54.672337,14.087024,-29.973577,15.387461,-20.810877,18.015404,-24.524708,-14.324529,-11.663916,-9.425104,human
0,-2061.7607,199.43135,154.60513,-47.84303,-52.568905,25.161718,-20.381487,-28.91383,-34.178734,-1.1387902,-53.65335,52.55957,-57.175083,22.171206,-47.785664,32.919075,-44.96278,2.0448532,4.3719916,-31.849463,human
0,-2379.5085,124.573975,45.62865,32.294464,19.604225,1.3049155,-33.333317,-13.972128,-84.22831,-0.7699478,-32.007828,9.780337,-27.830221,9.691244,-15.735688,18.263819,-22.314034,-11.162209,-7.1404634,-11.230867,human
0,-2365.4854,212.13927,100.78142,8.784648,-14.9065075,17.243622,-2.5173137,-55.40244,-23.62109,8.888005,-35.39775,15.4303665,-34.353672,16.189926,-24.425732,-5.2551193,-6.44957,6.3707075,-13.3911915,-8.209027,human
0,-2053.8506,217.08101,112.35383,-20.304695,-36.56428,16.012238,-26.26627,-52.921143,-46.68514,37.875813,-67.46335,34.37684,-58.575714,21.487556,-37.69285,9.155198,-19.268047,0.7245426,-19.713997,-6.692754,human
0,-2236.0913,203.63179,134.95906,-16.62024,-24.263056,52.875126,-45.7038,-7.1625104,-76.58509,39.40162,-62.654297,9.381893,-26.392187,2.521142,-17.238697,-5.2332997,1.6097058,-15.301382,7.3828907,-21.971373,human
0,-2100.1865,239.91418,29.703363,5.1183467,22.760628,-1.0655496,-23.776955,-35.32211,-125.41908,8.438824,-58.290672,6.1515455,-13.468281,-3.5626607,-23.383446,36.921715,-51.614204,-13.351364,-9.802473,-10.505829,human
0,-2135.5063,240.81581,-2.5455143,95.33253,87.78711,7.33482,-34.19229,-10.834532,-115.26034,21.491146,-70.56433,9.411956,-37.642513,8.61397,-30.494114,41.003323,-30.324932,-18.862242,-13.879916,-13.204705,human
0,-2056.59,77.88285,203.7566,52.754,-1.6717818,25.733364,-21.926811,-12.206376,-27.21462,9.470144,-72.23052,29.001883,-57.28362,16.879341,-35.336025,-3.2840335,-12.056135,-5.049299,9.909384,-14.544966,human
0,-2047.2195,213.66031,157.56557,-20.04856,-13.809724,22.635054,-20.06294,-18.374922,-69.83281,16.264797,-45.067574,-0.8114255,-39.16135,21.064709,-51.315193,27.043947,-56.175888,31.608534,-18.375748,-14.413112,human
0,-2010.4165,193.48366,56.0586,-31.907207,3.6496553,-9.201338,-13.422752,-33.66838,-131.236,-16.706799,-48.057594,11.492813,-18.966164,1.389068,-24.34715,43.00501,-49.636517,-12.800614,-10.352129,-9.117518,human
0,-2197.4395,294.51877,89.46291,-43.386818,-30.211542,21.950869,-25.562775,-33.317364,-52.234325,24.366316,-28.88359,21.477793,-43.186115,31.726782,-41.97183,11.872566,-12.447946,-0.7766294,-9.289531,-27.875563,human
0,-2106.8875,257.05807,179.15242,-41.049118,-42.55412,30.47813,-16.210249,-31.356148,-43.62378,3.0701067,-48.8059,38.512863,-64.86908,11.714642,-41.476833,31.802351,-27.676613,-13.501208,10.357835,-22.769016,human
0,-2115.468,281.66583,1.652116,9.90696,28.813145,-36.641987,27.953447,15.425778,-133.81175,19.578825,-68.290985,6.8166575,-44.896618,34.25647,-36.160686,51.32782,-47.457863,-15.456667,6.6221557,-32.645924,human
0,-2064.4077,233.18758,145.00693,34.441826,-26.924107,25.08355,-34.61234,-36.68104,-49.48982,48.75821,-75.38172,3.2719758,-44.87136,10.220449,-25.844154,-4.885885,-11.699526,-2.549867,-7.0267844,-14.207807,human
0,-2253.9883,216.47176,155.13315,9.926768,10.313086,15.833535,-49.55712,16.771559,-63.159245,27.590603,-45.79509,-5.879347,-39.572586,29.794659,-29.830849,-8.336196,-9.450943,-7.170803,7.0684066,-25.851187,human
0,-2112.3735,146.58223,2.8181639,104.1719,64.27299,13.280149,-57.109627,-10.2606,-127.260796,1.7907586,-45.797363,5.2568235,-38.702076,17.653719,-29.419321,21.951056,-41.112095,-14.057996,-8.825429,-16.95946,human
0,-2254.0176,154.35333,60.976868,64.64275,60.271816,15.902995,-52.72245,-10.594259,-99.05621,1.3015391,-55.46765,-4.013341,-27.735895,5.5225616,-23.70999,20.710337,-27.259232,-34.32366,-1.0040053,-18.94907,human
0,-2262.0876,119.759636,120.513596,18.383102,-13.382028,33.65401,-35.915775,-15.904324,-42.05763,20.631493,-34.61607,3.8868928,-23.893896,3.146754,-11.261386,-11.96105,-0.68553567,2.9739635,-1.4864787,-15.892496,human
0,-1853.4883,227.33748,145.73026,-60.803356,-42.879692,16.404839,-24.368511,-44.23858,-47.876213,37.35307,-59.057217,56.58262,-68.75247,24.698668,-27.864986,10.418119,-27.914125,-6.180757,1.4982896,-30.955795,human
0,-2263.1423,192.1296,131.0388,5.648159,-6.5765276,4.2529435,-20.534946,10.203238,-55.283543,31.172125,-61.145508,25.931852,-41.668594,-4.482347,-17.369335,4.876067,-5.2074428,-11.690894,-0.2633365,-5.2130203,human
0,-2062.5305,214.8838,143.80249,18.900103,-7.335482,40.785507,-57.010902,-18.570105,-62.422348,35.941833,-72.35594,-6.476445,-28.218023,7.3917894,-37.095238,-8.686383,14.587687,-25.049334,8.843951,-13.192837,human
0,-2187.8909,129.33229,122.96549,-27.067623,-26.745543,1.2207706,-15.298747,-10.315246,-56.051094,24.440754,-44.25056,42.738293,-40.87385,-1.2816021,-12.445367,1.6820388,-20.287941,-5.5256557,-7.5331054,-5.2554007,human
0,-2233.4133,221.1492,-45.641148,47.714497,53.7643,-10.941202,-31.031141,2.7985022,-126.70476,30.43936,-54.32713,23.833612,-46.32086,17.172922,-24.660917,17.102621,-33.723248,-21.578377,-21.22366,-7.282094,human
0,-2260.8752,195.91435,1.7318414,50.08801,19.118555,-14.380475,-15.917099,0.93803376,-111.94036,12.743693,-63.486702,23.150194,-42.315483,14.748955,-27.1601,24.58654,-32.6288,-14.620811,-14.619539,-6.6164894,human
0,-2132.1897,100.45921,117.39027,-1.5936657,-3.0446157,-7.3970957,-9.78196,-17.160202,-41.3618,18.498745,-52.421104,36.374653,-47.24114,16.387531,-35.429974,21.048103,-22.307888,-6.427524,7.060129,-17.3259,human
0,-2277.336,157.85468,30.165026,15.713992,3.5666094,-9.380078,-10.894467,4.324312,-81.335205,14.735532,-42.65859,5.5900893,-16.310564,11.351222,-2.174108,11.661174,-20.669367,-9.024611,-11.630297,-9.946974,human
0,-2330.911,174.866,1.9730947,8.914045,35.705933,-11.799918,-26.542093,-6.0482254,-105.968254,13.866682,-42.598957,19.777676,-24.936153,-6.1495066,-12.571997,24.548246,-30.336205,-13.644806,-6.0843883,-1.5854626,human
0,-1952.1914,150.17204,47.98391,81.60445,100.23194,-14.436396,-32.16629,8.003973,-143.71391,36.393,-75.24686,18.665592,-54.44697,29.956684,-47.686943,38.367493,-50.796173,-13.1721325,2.5559573,-44.75019,human
0,-2270.392,268.59952,17.231215,7.880792,38.375782,-2.5505536,-21.298819,-24.892382,-122.99773,9.012873,-44.052803,11.11177,-13.485249,-6.3270736,-18.703764,34.94806,-39.562695,-14.434252,-0.81194353,-19.18433,human
0,-2080.4502,169.59216,131.07054,5.999191,32.986526,12.909966,-31.72274,-16.987522,-59.342102,33.863262,-63.077694,37.488503,-52.992702,4.7108707,-22.7242,10.908571,-13.106447,-11.107513,4.962589,-5.207131,human
0,-2118.6897,242.32182,1.4969741,17.474407,84.87996,9.936844,-45.882526,-10.217645,-117.66288,35.961525,-73.66723,18.68622,-40.890118,25.860634,-18.72644,20.037165,-43.045063,-3.5603135,-22.311121,-9.534596,human
0,-1990.1412,227.91881,98.272766,-69.55975,-41.925064,28.366344,-42.057186,-13.678591,-88.06452,27.298706,-16.530663,2.2049067,-41.68687,29.876024,-24.214191,-2.6533086,-13.635971,0.3427362,-1.4587725,-36.822273,human
0,-2101.7632,292.884,47.963764,37.015972,51.357838,-18.40413,-26.900694,16.364431,-117.30583,13.666809,-92.8675,3.12705,-29.630445,7.4299603,-29.864222,23.04751,-38.323883,-12.370583,-15.103594,-25.617172,human
0,-2100.5496,223.44463,6.439431,34.14616,-9.506936,-62.064026,18.064205,12.780997,-118.3822,29.288239,-55.5145,25.043173,-49.81116,26.967796,-20.423584,53.385525,-47.473644,-11.9901905,-7.848247,-33.920708,human
0,-2050.9636,218.91592,28.85364,80.19335,69.94186,19.73939,-35.748108,-7.5574822,-146.64706,19.350101,-77.80775,19.269024,-44.843372,16.149277,-29.633392,33.46719,-34.075943,-24.05481,-9.306457,-6.403179,human
0,-2004.9872,275.7988,67.64235,-11.294806,-7.5125165,17.747715,-40.352905,-62.87671,-48.160053,25.67083,-31.930687,34.942654,-57.9134,27.507225,-42.88719,38.595142,-28.428118,-6.9250784,-15.37852,-7.477547,human
0,-2237.369,266.5982,6.5178523,32.681576,60.99708,-37.773636,-5.4251695,-19.00533,-106.22721,20.490145,-74.82969,22.299204,-30.9639,10.487463,-22.934505,29.364746,-32.8369,-15.249854,-12.620135,-7.6891494,human
0,-2094.3188,171.44418,233.35548,27.490967,24.078306,30.178804,-30.626719,-37.215748,-36.924187,10.326845,-77.68587,55.03833,-81.42414,25.992126,-41.07884,10.035389,-14.73137,-13.946671,4.9397755,-19.630646,human
0,-2322.784,284.38046,122.34512,41.25342,28.872637,22.079481,-26.811825,22.685173,-84.756035,-11.587298,-50.19609,29.418324,-20.423977,10.86408,-73.837265,0.62380373,-14.271639,-25.043406,-13.148636,-2.178034,human
0,-1632.7748,394.0077,-42.552284,-5.581786,-21.996395,24.822487,-34.753696,-101.00045,-106.65469,-31.105822,-37.687496,-33.67265,-49.100456,-12.724772,-33.384586,-48.766266,-18.874447,-19.72566,-20.584084,-41.969643,human
0,-1625.6865,374.8239,-28.072578,-8.574147,-27.25863,21.81703,-25.002993,-94.441124,-102.41281,-38.498417,-29.551977,-20.486383,-44.916595,-7.265012,-35.067772,-34.09467,-17.8504,-16.07179,-18.447151,-38.956966,human
0,-2334.9973,237.83249,51.57713,10.706304,65.65931,17.009596,-38.226494,-1.9235972,-112.005165,-6.7954,-41.1335,26.024061,-23.935686,4.455199,-65.93909,19.435514,-23.66354,-7.4572515,-8.380323,-16.128506,human
0,-2786.0679,148.46376,30.19291,14.12184,12.264055,6.601297,-6.3470845,-0.086663075,-56.89556,0.76065576,-26.943838,5.392796,-3.4809377,-7.654139,-34.34335,16.649303,-17.954472,-13.770173,4.6527658,-8.932193,human
0,-1425.1024,363.80563,-14.33472,53.95147,19.240158,-2.6614864,-60.569542,-102.26797,-104.838524,-16.196665,-50.868572,-29.544064,-49.066593,-11.370808,-27.44768,-47.84587,-19.192644,-15.897329,-24.382803,-34.12598,human
0,-1372.4822,322.2059,-28.967625,119.62976,58.500744,-18.728628,-5.187697,-89.28512,-11.8621235,-24.595364,-52.212166,-30.627388,-54.716534,-42.691113,-37.244923,-29.792519,-35.363503,-9.114926,-26.38504,-21.096874,human
0,-1635.8239,252.00392,1.0020235,100.197296,34.491116,-10.529036,-4.8440595,-41.045536,-1.4101756,-19.476683,-51.64582,-25.30836,-47.284084,-45.024708,-37.350483,-14.543933,-44.216015,-8.146886,-32.94174,-18.039963,human
0,-1234.9658,280.03824,42.2251,61.6987,5.552866,16.901928,-8.788646,-74.51363,1.2691923,-42.561718,-47.502777,-21.01406,-52.616116,-49.83752,-22.209255,-19.252438,-50.54348,0.52579534,-28.569302,-22.11642,human
0,-1383.895,202.81096,25.947899,121.37872,38.112976,-19.988647,-3.4876652,-72.00922,-3.1539605,-33.206104,-67.97114,-45.32274,-50.252666,-39.589325,-52.636143,-18.3545,-41.251976,-12.791721,-31.924461,-15.408818,human
0,-1406.229,243.75735,35.56589,124.82495,30.534723,-13.607302,-21.528748,-68.35377,-5.2544518,-30.159021,-56.127937,-46.869675,-41.72778,-33.916718,-47.165405,-14.589677,-33.98086,-16.799051,-27.317379,-13.937493,human
0,-1627.868,322.6906,0.9178085,57.660465,21.750183,-20.046204,-15.873288,-58.698223,7.5140734,-24.93559,-63.565216,-29.843447,-42.228436,-40.668034,-45.43068,-16.093552,-39.26861,-9.564761,-28.693832,-28.148287,human
0,-1551.3468,326.7637,2.4207962,73.03607,31.558342,5.204284,-16.862215,-105.633705,-8.548341,-12.89445,-50.596725,-31.078663,-42.06039,-29.605427,-54.145676,-31.616339,-35.29781,-15.987312,-31.818703,-12.604722,human
0,-1291.9998,218.12321,50.730175,123.71793,45.043236,0.64177006,-16.00562,-71.20653,-6.5833287,-31.676497,-60.666824,-28.904352,-47.07833,-37.625515,-45.368324,-20.199966,-36.81606,-6.905565,-28.945335,-18.778868,human
0,-1320.9789,302.1336,42.011196,89.62972,13.149061,-26.364368,-14.012601,-69.49878,-10.354856,-29.31777,-65.032104,-26.054827,-55.884167,-41.698383,-33.908195,-42.694843,-28.467646,-11.7724085,-41.070477,-13.604116,human
0,-1554.9626,266.7901,-5.3847656,79.01059,37.18296,1.1759741,0.38360342,-94.10333,0.57019687,-8.228538,-65.14814,-39.451206,-47.591038,-48.806137,-36.40727,-16.681812,-38.95916,-12.518113,-26.202438,-19.860765,human
0,-1320.6013,219.2237,58.536926,145.91153,-26.654919,-12.2193165,-10.698752,-69.520515,-18.290438,-33.62529,-59.133106,-40.749695,-54.044415,-44.6286,-45.104027,-19.981796,-34.336376,-13.772353,-31.99739,-14.221563,human
0,-1196.5284,322.89215,60.921482,65.230896,16.94698,-8.048336,10.710617,-68.80306,8.427896,-16.05734,-70.68731,-33.8655,-48.275436,-52.937027,-31.726582,-10.161772,-53.14971,-2.0560021,-35.430027,-25.835995,human
0,-1333.5812,275.13782,19.420298,91.96218,16.77938,-9.231115,-11.4276085,-98.44298,-8.119313,-11.214725,-54.508327,-49.90285,-50.373573,-39.136086,-58.20465,-17.193815,-33.24339,-15.809029,-28.771427,-14.968868,human
0,-1275.2168,251.40382,1.4429607,112.93128,39.79871,-10.799515,-17.057442,-86.996605,-2.353427,-17.647495,-58.369514,-38.569298,-41.006687,-30.897516,-42.20008,-13.270936,-48.35286,-2.823815,-36.404915,-24.733032,human
0,-1373.024,327.43048,21.01274,68.2613,29.497486,-12.65537,-9.649837,-64.65913,-6.419963,-13.093075,-71.590385,-32.89832,-45.320454,-54.879173,-39.392036,-29.22459,-31.848328,-9.543724,-28.000803,-29.837934,human
0,-1357.3022,217.13582,58.814266,136.03423,65.427025,-15.961726,-43.13237,-65.0888,-5.2681894,-19.563549,-66.11359,-36.650196,-23.778915,-28.467009,-37.46722,-8.655511,-27.852064,-10.558684,-21.736147,-20.32015,human
0,-1497.6464,259.6188,-31.351229,108.3756,35.6434,-48.173557,-41.391235,-65.78804,-0.08385921,-34.611908,-65.222275,-25.296879,-44.753304,-31.05016,-24.305012,-19.65721,-39.13935,-14.319503,-35.61302,-7.304925,human
0,-1471.2551,262.22943,-25.00249,112.72203,32.322388,-36.55486,-28.740211,-73.91068,0.784541,-25.389936,-54.052612,-16.30311,-50.48779,-23.192543,-30.430483,-36.6022,-31.601217,-5.656966,-34.63375,-8.301886,human
0,-1488.738,267.80298,-7.1313295,86.72787,26.021284,-9.687243,-12.810075,-67.859184,-15.1931095,-13.42318,-59.52365,-30.689438,-38.950264,-27.311203,-29.22976,-14.639607,-25.642445,-2.807341,-23.129707,-15.149825,human
0,-1481.4462,261.95746,-6.230064,113.19587,36.842415,-6.029592,0.91710865,-65.796196,2.407542,-16.547243,-58.934372,-32.974358,-47.675407,-42.97775,-37.77699,-25.185741,-44.264164,-13.641629,-19.169594,-5.7311163,human
0,-1261.3203,263.08655,2.3656154,139.1883,-21.118437,-8.878842,14.172433,-69.14449,2.6933699,-29.128372,-69.687225,-44.31939,-46.927685,-43.0789,-60.492886,-27.901482,-45.733685,-17.481123,-34.371292,-17.410707,human
0,-1478.4232,246.55797,11.886282,128.91103,41.512558,-28.897312,-24.988764,-72.77084,-11.141824,-30.698742,-58.756233,-35.52035,-48.630806,-27.829313,-39.972557,-22.711245,-33.91705,-1.5742074,-32.38535,-20.859634,human
0,-1343.5411,299.21387,49.43614,103.29534,30.861282,1.2201945,-11.400901,-93.005104,-24.919945,-45.227367,-75.19416,-34.292248,-53.304,-36.344677,-50.828133,-17.66865,-23.808191,-17.294674,-39.6266,-17.203136,human
0,-1495.4882,258.59244,41.625042,77.51012,-11.742024,0.39012805,6.5044456,-75.02181,-10.915986,-23.683203,-59.96534,-23.380339,-42.481625,-26.490654,-41.100876,-11.182404,-21.461771,-12.84016,-27.64118,-13.735076,human
0,-1232.3378,513.7899,54.5565,133.93495,2.8060868,51.325153,11.1652355,51.57612,-37.583157,-60.76508,-8.180146,-73.28514,9.594954,1.0372229,-2.1088068,-42.972164,-52.068867,-3.8117812,-29.378595,-11.801812,human
0,-1262.6232,521.75916,10.645222,133.1879,-25.500566,37.42551,-15.521334,70.44288,-61.53352,-69.73146,27.84011,-109.33116,-1.8720667,-5.912299,-11.838793,-20.549883,-33.408875,24.47747,-25.962954,-16.34975,human
0,-1222.7324,455.5625,10.233732,118.81609,38.045033,47.71255,-10.591575,18.568245,-45.514595,-24.53359,16.757013,-79.21016,7.845135,8.067397,-2.600931,-12.503318,-32.668816,-1.0277205,-25.008387,-8.22883,human
0,-1140.5436,542.5356,10.226785,174.08931,8.065808,71.20812,-16.603086,52.173107,-37.06238,-82.2173,-21.642462,-74.70755,20.038685,-19.205078,7.1885023,-36.965775,-35.616367,7.2398524,-46.707157,0.030750072,human
0,-1291.815,418.6153,-19.51557,148.94083,12.679361,27.610981,-32.180805,77.37699,-41.836716,-76.452896,17.975946,-107.03421,-21.02464,3.0541806,-0.7459051,-7.5532503,-36.275547,6.37572,-6.500315,-7.521756,human
0,-1094.3851,525.4926,-14.600665,120.74952,21.315636,47.626503,-25.456812,30.619684,-58.56533,-40.52935,18.661573,-83.71991,15.777673,-11.3670225,-1.1622678,-6.5630927,-58.745785,-8.909219,-8.389181,-24.717653,human
0,-1411.3126,436.7159,8.220961,146.45854,17.688385,56.095116,-35.793682,23.308363,-39.01843,-44.674904,16.04319,-76.94671,-11.174008,-2.7631545,27.339893,-20.060555,-52.655655,6.267561,-26.4797,-18.768286,human
0,-1175.7699,503.91373,-10.456782,173.79262,4.418058,39.578888,-11.937143,39.791218,-45.65279,-43.72504,22.865301,-57.89328,3.4911468,-23.655466,24.422337,-12.47734,-54.90026,4.792016,-22.450502,-6.0439897,human
0,-1250.5691,489.85526,4.2772284,150.94643,-8.250518,30.13924,-38.579018,63.206306,-21.926819,-58.01491,23.143255,-110.765335,-5.5133286,4.52181,-17.847006,-16.238625,-32.98019,11.009294,-17.344257,-20.331146,human
0,-1159.3749,487.4835,-43.92052,127.04461,-23.258896,48.206203,-19.707458,31.851782,-38.421036,-38.544388,18.635418,-70.92624,24.874352,-29.776735,-15.338163,-1.6497868,-46.2517,-3.9639027,-19.569763,-18.151,human
0,-1395.1041,420.46332,18.122953,154.25302,-10.700589,50.90993,-11.763321,55.669918,-33.28544,-31.287252,41.65402,-83.100555,-12.961097,-13.673703,23.781696,5.9944143,-59.847355,-7.097739,-2.372805,-14.274494,human
0,-1190.3643,483.80124,8.690149,100.83056,32.751144,27.717909,-5.3943567,21.422667,-42.467163,-24.444359,-4.607241,-70.04028,11.909824,-19.07497,-22.325636,-15.410102,-37.94494,-4.886015,-26.983149,-25.35686,human
0,-1140.5037,510.8056,4.5737863,173.9748,12.262783,83.95616,-14.949901,44.060707,-45.72956,-50.94792,13.319149,-78.78991,3.73438,-17.512238,3.5257578,-47.89462,-43.088997,13.008436,-39.70731,3.703023,human
0,-1200.1521,505.33548,-39.33487,212.11707,-25.868881,111.713005,-41.553017,31.100487,-33.541553,-55.87869,63.09734,-84.41751,-1.2876889,-30.073727,17.231619,9.110228,-62.02402,-6.690084,-16.120932,11.449303,human
0,-1068.1101,562.7456,35.41838,143.49391,63.82785,57.858337,-41.069305,56.557507,-60.61365,-56.762566,10.504098,-90.73505,17.921854,-5.1825933,30.565079,-17.260584,-77.59822,-9.930725,-32.67161,0.74737084,human
0,-1190.3003,574.2063,-4.7822433,122.88601,22.419947,43.48852,-26.903126,66.21061,-34.40817,-52.865437,33.522045,-75.36548,14.779846,-11.200481,-20.492874,-11.432604,-53.380905,-11.321093,-17.417845,-17.863634,human
0,-1074.986,548.4825,23.105627,137.99825,-3.7886024,92.335106,-45.086266,32.95483,-14.944352,-51.72396,18.696049,-65.63314,-5.9236035,-11.898844,33.1925,-24.077896,-58.66074,4.569512,-21.96575,-11.776468,human
0,-1174.6779,554.5809,19.451807,179.4424,-30.34312,69.42529,-16.365097,67.454636,-49.239452,-71.67075,58.271076,-84.87359,10.794636,12.777737,10.032532,-5.595386,-54.790592,5.6346917,-7.8778577,-12.360695,human
0,-1166.2963,579.623,9.585762,151.93347,-45.275784,53.0862,-50.51423,81.67693,-49.842213,-88.00191,36.93483,-103.49925,21.673645,-13.668331,-28.521255,-22.434109,-66.4668,-12.90719,-14.333771,-13.530624,human
0,-1202.509,473.0988,14.920534,163.94562,1.3368627,49.71388,-30.053255,40.67998,-54.68376,-53.718735,21.623318,-80.167015,3.135697,-30.53618,-5.3216004,2.2472763,-41.604305,-7.7265434,-7.8733463,-29.533371,human
0,-1270.3293,510.8637,26.573135,176.44016,43.702858,15.783182,-17.075941,70.053566,-29.568377,-63.394012,17.285652,-83.9082,-10.795578,-5.7212877,-19.426764,-9.616282,-39.29899,-22.064125,-21.062634,1.3755037,human
0,-1231.613,586.5853,-14.86908,181.17188,5.5789385,30.5237,-52.18098,63.18408,-40.049774,-75.26433,31.853477,-88.23104,18.03761,-8.467885,-3.8908367,-5.159189,-68.79524,-6.589697,-23.627914,-21.229752,human
0,-1197.5809,511.0025,40.52098,79.197556,-28.626041,43.563515,1.118308,50.3725,-55.986458,-52.968742,13.869154,-90.261345,1.9350357,0.7823302,21.905085,-1.0242435,-57.895443,-0.13774179,-9.806424,-8.742904,human
0,-1111.5118,506.2529,-39.88399,193.7704,3.3440742,68.872406,-57.473114,48.675186,-38.829624,-31.482695,65.17211,-88.08771,10.827562,-17.633678,20.19248,1.4547533,-53.63007,-6.031806,-29.390821,9.812679,human
0,-1115.7427,503.17786,30.545656,164.9135,-31.06365,31.03946,-26.33474,94.89101,-41.354652,-67.11346,35.912197,-120.02327,-2.3342147,3.2209966,-13.567308,-19.701702,-58.476566,0.6815798,-0.19190316,2.6470993,human
0,-1102.2124,541.633,5.917541,201.86723,-22.572683,68.87284,-32.63842,50.795776,-57.41411,-82.73411,37.45217,-94.97138,-3.4799483,-10.871585,31.566402,12.890069,-70.19995,-9.234651,-11.099823,-14.027544,human
0,-1188.7451,568.5529,-11.301551,159.54707,26.613972,38.632744,-31.667927,10.150378,-64.44334,-60.7601,28.574436,-62.98884,-1.6333598,-27.898565,11.039122,-2.641542,-71.63535,-10.610358,-31.104637,-11.810227,human
0,-1150.5621,462.79254,4.1504407,201.33505,-23.584044,68.5436,-76.76364,44.215763,-33.686962,-46.350838,46.03336,-94.25389,10.928154,-17.632591,14.980245,-1.1120838,-53.113117,-12.576368,-24.598736,9.082508,human
0,-1216.3848,594.9474,-20.985529,176.42258,19.839403,36.481632,-26.001497,66.94448,-57.66411,-57.176098,31.84754,-102.83357,22.62069,-13.077645,-22.016634,10.062215,-40.72538,-19.530136,-21.986904,-7.06443,human
0,-1127.8939,522.5591,-7.700062,174.221,33.70495,29.364244,-60.89681,57.34082,-61.531364,-73.7823,43.3718,-103.9276,-4.6017947,8.376936,-5.2100406,-23.346207,-72.02124,-18.796705,-22.548347,-5.5037117,human
0,-1134.1694,453.1778,-4.107956,217.77264,12.461885,78.46863,-52.857174,60.42058,-1.1575934,-42.407352,32.234196,-94.131294,4.991464,7.1561027,8.8308325,-27.320866,-63.948044,-8.13015,-7.236519,-6.1470575,human
0,-1050.3627,565.91754,-33.870544,125.99251,-44.778915,46.650707,12.451397,39.366978,-47.46917,-21.620272,46.76117,-69.086044,11.550852,0.19999248,28.938293,-5.5716753,-61.6993,-1.5763471,-2.543291,0.0018785032,human
0,-1251.0537,518.439,20.467646,96.72868,29.659267,45.76095,-25.843761,35.808212,-41.14546,-43.924847,29.616232,-63.800606,-1.5571244,-14.463047,-21.375883,-12.497193,-46.745724,-9.385352,-7.366613,-30.549644,human
0,-1398.434,472.923,17.937592,149.28838,34.44451,40.34249,-45.404625,37.474026,-7.683348,-36.494755,9.238324,-80.39516,-9.390427,-10.314005,15.484976,17.957445,-48.52414,-22.374231,-4.1133895,-8.44644,human
0,-1226.4081,527.87646,23.08165,225.87152,-13.695786,75.93827,-30.52484,63.82703,-42.454346,-72.523,46.34243,-94.19486,-7.1231976,3.8717499,32.585583,-0.5040428,-60.691265,-10.598975,-14.313478,7.768574,human
0,-1311.7623,524.2921,19.543968,191.90427,37.14098,64.678925,-35.898495,45.236458,-32.219822,-47.58376,48.095284,-86.57214,-2.9342222,-7.8760324,2.3347392,4.2799525,-47.28441,-26.575802,-24.94038,5.109725,human
0,-1110.4525,547.90704,2.3094344,192.64832,39.767094,20.311825,-31.603418,62.563362,-68.18158,-69.51655,32.39823,-85.1963,12.789315,-3.5867746,2.9244952,-7.937279,-64.11971,-7.8866043,-18.58574,-13.202787,human
0,-1233.8276,488.14252,27.429981,145.49858,-32.916336,80.609795,-28.361929,65.21481,-23.065437,-82.97146,35.08641,-96.10552,-8.024336,11.842101,-9.074091,-17.756802,-53.505344,-11.956115,-14.910577,0.052801877,human
0,-1199.3628,480.5459,-62.900543,85.33782,-23.802914,49.60359,-19.87905,36.924015,-32.383694,-10.3672085,51.54169,-81.38012,12.900145,-1.8632516,6.166559,-10.199503,-72.22644,-8.420441,-5.7593045,-21.645569,human
0,-1418.7504,280.38556,-33.153355,82.32163,-10.894291,15.784324,-11.94426,-37.70613,-38.103947,-51.31775,-6.548898,-36.377865,-24.957644,-27.335947,-46.613434,23.024918,-31.39569,-4.2028847,-9.084913,-9.45754,human
0,-1162.9495,49.714718,-14.240818,10.826549,-14.961618,-13.94626,9.326106,47.860664,-88.45603,-97.37672,-12.325704,-24.811037,-26.770565,-5.580959,-38.129993,28.780373,-64.785904,-10.630626,0.25369453,-7.3845606,human
0,-1346.5864,193.46565,-21.69346,100.182175,28.432081,30.900614,-71.588135,-33.849552,-14.96297,-64.35492,-9.275895,-33.369934,-6.923455,-49.72608,-38.508007,18.949318,-31.644152,1.9328315,-22.587337,-8.273363,human
0,-1023.07574,114.38172,-72.371086,38.91192,32.610176,-45.265755,-15.729143,-0.49415606,-39.996037,-65.65872,-69.25923,-18.16481,-13.489772,-10.870826,-40.821934,67.04212,-75.707504,-16.408066,20.477488,-25.816887,human
0,-1316.7253,49.212643,14.148026,11.582799,39.92528,-53.83771,-8.953162,-16.775717,-79.400764,-54.912445,-60.568485,-0.98816925,-0.36036137,-23.820997,-32.08668,49.500996,-84.90897,-4.5782824,15.096415,-31.979551,human
0,-1606.328,206.7737,-45.283344,23.45093,-19.52785,16.567272,-16.535145,-25.528383,-30.912289,-34.33504,0.0050803293,-23.97443,-9.2471,-17.179043,-37.621956,25.394064,-34.026028,2.3242884,-23.857384,-0.85501224,human
0,-1559.5582,291.08752,-28.969927,192.65593,85.727615,-35.54579,-48.64823,-59.638145,-92.755585,-18.600313,-29.735636,-9.144495,2.8172908,-28.36135,2.412808,-13.126941,-33.573082,12.663074,-34.77877,-16.81544,human
0,-1558.3147,376.63034,-3.9258084,123.42133,29.741034,-34.73069,-10.326368,-53.092304,-62.64963,-6.3641057,6.191064,-3.837643,0.35208488,-17.424578,-16.94011,-23.133177,-43.76297,3.9179935,-36.77907,-27.740051,human
0,-1123.3217,283.5771,9.749767,137.091,-24.744928,15.457305,-57.562256,-38.99223,-42.030865,-34.093872,-7.3703513,-73.13067,-9.093827,-1.467392,-93.59104,19.325737,-24.990696,-38.59475,12.381785,-29.768475,human
0,-1152.4767,268.09152,-4.7374206,141.74165,-67.085014,14.821765,-26.333128,-32.804993,-83.2489,-0.45418262,-37.419735,-82.26746,-5.9126625,-3.102471,-93.44893,33.413338,-38.809055,-30.531092,9.286952,-20.846836,human
0,-1468.8632,352.29086,-46.45534,77.548996,80.12286,-96.95282,-60.2371,-14.469297,-63.658787,-44.939934,-41.537144,-56.522007,-15.899785,-20.33893,-40.73468,-3.8691902,3.260129,-5.972519,10.283516,-7.9635525,human
0,-1298.0182,226.47395,34.962425,259.61502,82.12085,-57.698494,-56.823162,-50.690163,-73.38553,-21.622778,-28.574724,-8.646972,-9.012382,-27.578785,-3.659634,-15.793387,-30.776945,13.734803,-38.05155,-13.859603,human
0,-1869.328,213.88965,-18.94478,41.060432,-5.9544888,39.286533,-6.177063,-9.309652,-52.62242,-27.779959,6.4014683,-49.983025,18.40363,-21.210365,-35.317646,26.066534,-28.469631,-6.622572,0.011677716,-3.3265963,human
0,-1597.8748,210.9511,-0.8584336,117.58941,-54.51694,-17.951756,1.5536225,-4.863947,-61.425766,-22.489357,-4.2306137,-57.191563,2.2229292,5.806267,-68.969955,25.842573,-11.04362,-25.44483,12.012784,-18.89976,human
0,-1145.8646,429.35635,-60.548534,47.72293,-67.58571,3.997413,-30.137527,-17.651604,-97.59039,-9.428949,-18.215319,-69.91343,43.37143,-38.325714,-79.60441,45.48638,-41.536537,-24.105162,-12.456382,-8.416052,human
0,-1165.7249,323.20764,-52.347446,12.14771,-60.407314,94.41513,-57.193024,-29.340195,-70.854576,-24.83966,29.805586,-89.046165,38.33078,-25.420094,-80.33139,60.209583,-45.18643,-18.707106,-8.680237,-21.787659,human
0,-1620.7328,240.69626,22.83907,95.42688,23.061731,-33.168743,-43.93415,-42.920357,-38.30711,0.07615623,-14.376994,9.950864,-9.565527,-31.924904,14.694059,-23.42338,-22.072483,14.821077,-34.95672,-11.029625,human
0,-1182.0942,197.61023,-39.426823,106.98488,-36.198257,7.824561,-55.351517,-6.098583,-48.99366,-27.021078,-13.892194,-56.4662,-5.0564446,6.2440743,-66.34703,18.619125,-21.856215,-27.539377,34.011475,-24.644703,human
0,-1128.4348,327.72458,2.2099297,90.26527,-5.359899,15.860821,-49.180088,19.50169,-86.66167,-19.460056,-34.154804,-69.12158,22.232582,-47.026386,-63.608723,47.77961,-45.175,-16.075157,12.650457,-25.021591,human
0,-1271.4612,259.5516,-93.55081,176.14592,19.611387,42.12948,-103.58929,-21.666807,-46.062855,3.8154361,-47.952602,-73.78014,26.091349,-35.96018,-11.400093,19.216568,-26.868,-1.4598786,14.466076,-19.608147,human
0,-1340.4825,458.9405,-64.57143,48.09314,46.020874,-128.69089,-64.731125,-35.87403,-93.02969,-33.581818,-24.620909,-64.5315,-21.878986,-12.77275,-25.181738,9.038742,6.0321507,-1.1246755,15.745505,-11.232743,human
0,-1413.373,294.86758,-69.604225,70.327446,-11.6531,-3.6226,-65.2406,-1.8375577,-72.75858,19.888462,-34.027348,-25.668034,46.114136,-23.476282,-9.264729,11.8434725,-6.142375,-9.358028,12.845585,-16.752203,human
0,-1401.3418,238.83296,-33.392147,92.60786,-7.5111513,-7.9168067,-9.663004,-18.07226,-42.890972,-30.432995,-22.438177,-29.989697,2.8122928,-18.167103,-47.669167,13.534503,-28.932499,-29.039255,2.4540975,-10.243418,human
0,-1205.1216,308.24725,-29.93322,87.10522,-27.514364,38.623734,-58.50441,-36.964687,-84.28699,-4.4388247,-18.178091,-77.96645,48.128445,-46.484787,-62.930706,57.843506,-62.392944,-14.421173,19.003136,-12.751488,human
0,-1104.1984,324.4565,-40.808735,144.3973,-13.422598,9.045546,-62.98219,-41.260723,-57.376343,-38.03316,-8.441404,-77.436386,11.211725,-5.371991,-103.65352,29.7604,-24.122128,-28.1344,25.102514,-26.415852,human
0,-1308.2906,220.61382,-26.395777,85.249695,9.201464,21.345068,-55.72498,-31.609846,-48.56511,-28.532764,-26.212618,-66.35008,-10.283032,3.451576,-58.23893,8.317399,-28.510965,-27.88378,6.0993543,-7.4178395,human
0,-1358.3597,252.6994,-26.147573,86.50362,-34.622135,-0.45204982,-45.06033,-17.562378,-50.124577,-31.553135,-17.488071,-65.12097,13.5144005,2.4371128,-75.05981,29.219318,-22.818747,-23.402431,14.386294,-28.560516,human
0,-1707.9617,224.53085,35.345127,180.65897,72.52599,-49.977432,-65.536224,-34.853455,-31.241798,-7.956707,-34.7079,-8.795517,-3.4883823,-27.658037,11.374322,-23.300436,-37.323677,18.392248,-31.780703,-23.109781,human
0,-1300.8351,352.0884,-47.649662,36.27022,-15.738292,59.99208,-64.89188,-29.672764,-79.427895,-12.746989,-0.99739975,-86.07664,21.66791,-37.477116,-82.115875,57.128033,-52.149246,-22.693733,-9.743161,-3.01115,human
0,-1214.5846,521.3267,-74.68634,115.56848,114.82954,-151.56013,-99.21667,-37.209694,-104.04813,-70.546455,-68.119064,-83.44195,-18.25972,-25.497307,-50.59624,-4.123346,-4.9385166,-7.663709,20.652,-15.866705,human
0,-1265.9352,239.6415,-8.378024,139.69347,-33.877354,-2.93709,-56.484215,-27.192818,-58.07274,-55.49896,-16.953148,-76.74034,4.2341986,-7.8732276,-76.11398,19.569832,-20.91889,-27.252007,20.509085,-21.829748,human
0,-1200.3679,214.10728,-44.898853,106.77901,-38.228256,11.243134,-72.244286,-35.02714,-82.275986,-36.100624,-0.9765698,-65.916176,11.455223,-11.666701,-79.17697,43.365124,-35.163506,-36.486965,30.578447,-42.95166,human
0,-1447.1777,336.67273,53.03576,217.90625,77.85821,-34.409664,-62.552513,-65.14873,-76.07395,-8.999356,-35.09959,-13.264648,3.012915,-22.037521,5.845674,-29.85102,-39.317963,24.152979,-30.279423,-29.957926,human
0,-1304.995,237.05634,-21.802355,125.56093,-57.30226,21.136156,-22.401855,-17.235752,-73.65649,-30.277245,-20.361916,-61.021683,-3.398732,2.80981,-85.05925,24.334417,-8.069977,-26.949686,-0.94723594,-25.694376,human
0,-1158.6891,346.20334,-90.604774,111.65738,-42.72883,33.112637,-83.34427,6.0022717,-48.452618,22.665926,-50.60307,-32.931664,26.677568,-27.80429,-14.761134,0.40598384,-1.984127,-1.1127636,12.16913,-4.2603793,human
0,-1251.0271,289.60068,-46.34568,117.56824,6.825836,23.787945,-67.41904,-27.277187,-64.73406,-14.407686,-37.74513,-46.959435,-27.029186,-4.584273,-57.442566,12.008352,-34.128864,-35.995342,17.080555,-13.750498,human
0,-1589.943,327.50116,56.54509,181.15991,63.728348,-41.805237,-14.799075,-39.62228,-95.789406,-20.755344,-23.521551,-18.555788,-7.2600255,-31.994886,-1.5254898,-18.683578,-33.14764,11.389297,-42.928543,-23.77713,human
0,-1435.154,282.9427,-27.260477,61.526714,-27.410757,31.343382,-27.79668,-47.210476,-58.06911,-22.431585,-23.844614,-25.369566,7.131652,-28.133083,-24.357624,23.067886,-42.888206,-16.208033,6.0423875,-14.092302,human
0,-1423.1022,325.0528,-5.0151987,65.58694,-15.988104,3.1914866,-18.224436,-40.632984,-38.881226,-42.522655,-55.652092,-52.231106,-9.279874,-23.545847,-51.316784,15.204345,-27.141153,-29.073385,2.7686646,-6.0886993,human
0,-1404.427,303.0216,68.75726,152.01038,48.33833,3.1578124,-28.504017,-42.099823,-73.09369,-18.508516,-4.2031846,-7.8857017,-6.4837923,-24.389221,7.827353,-7.8300185,-29.98043,14.307381,-39.066,-30.07819,human
0,-1427.7749,309.3141,8.911062,125.1688,50.851345,-3.4293513,-6.7802835,-43.622417,-97.90018,-18.635078,-16.980616,-12.106447,8.745866,-25.921797,-3.9945555,-8.665178,-26.13091,-1.1252239,-29.906092,-14.366591,human
0,-1264.891,341.40607,-49.120533,40.84969,-86.51344,-2.27134,-28.951864,-29.39289,-54.263725,-48.593903,-26.994003,-20.174843,-5.7722583,-35.545006,-39.453114,22.0714,-48.171677,-25.16024,1.813553,-27.268492,human
0,-1117.3254,559.07245,-51.48111,22.021948,-19.605719,85.43604,20.184607,39.773808,-44.264393,19.973385,25.082047,20.1328,-16.249247,3.7777817,9.660885,18.430931,-28.45194,5.881515,-4.9601626,10.065438,human
0,-1089.7812,540.6234,-98.98629,74.19928,33.91592,38.766544,-0.5344329,55.15989,1.9832315,-18.429266,27.631685,15.303009,-8.764631,14.261259,0.32221216,17.243382,-6.6360545,26.887833,-25.881336,11.737358,human
0,-992.4148,604.79297,-213.91605,48.900455,-2.49311,85.78115,-7.4673643,36.700466,-5.5976095,4.3721275,2.3655694,5.279168,-10.260616,29.905012,-5.634038,1.4559234,-13.230673,0.02977911,-24.325054,10.203738,human
0,-1104.3966,577.9185,-161.35954,-5.236823,42.9508,48.590145,17.030237,51.916275,16.658693,-20.058554,-0.4457897,1.0896091,-6.3725133,14.065363,-3.529136,12.058037,-12.519551,21.565422,-32.474075,17.088211,human
0,-1023.2178,619.8028,-97.7376,1.4261053,-55.93075,92.56739,19.412643,-16.762178,2.8842342,-0.5770133,14.073173,2.1649442,-4.1344876,5.8013287,6.360824,-0.6311062,-32.757587,25.201174,-33.75259,9.207117,human
0,-1000.3057,561.84564,-160.50215,14.328804,31.591682,91.011055,0.27967063,62.83659,-6.874481,-13.675437,-9.612747,1.0571815,-23.490797,30.889803,-14.126,2.1947625,-12.333355,-3.7166748,-29.793577,2.5837579,human
0,-1016.4748,575.47046,-39.03081,-2.3861752,-51.517357,105.202286,50.87243,3.5125837,34.744057,31.60485,46.674034,22.99559,8.383149,10.0137005,8.31286,18.275072,0.019086234,49.366848,-8.210049,29.54893,human
0,-934.10333,518.828,-95.98576,13.150515,-46.736946,108.97969,34.075176,-17.94814,18.746996,19.492088,13.472016,23.211882,-17.234148,27.610714,6.649215,6.364957,-33.04119,24.039333,-34.83533,22.877903,human
0,-1001.7052,560.1472,-149.79025,95.76977,14.066851,85.04474,-5.092294,41.354916,-11.807802,8.265972,25.570887,13.891803,-20.169966,18.56687,3.328672,14.269652,-6.964577,5.156885,-20.492096,5.5342197,human
0,-1100.7273,569.6301,-35.788456,29.749517,-39.701843,123.0012,-10.2569685,-18.241856,9.050135,6.4134264,13.223012,11.519019,5.8757834,9.394687,-2.7925584,4.917109,-27.024994,28.791105,-37.060757,9.999057,human
0,-868.9337,647.6903,-167.21085,14.137334,-54.94822,76.80992,41.398113,-20.500446,7.4311633,18.88881,15.699697,16.764017,-0.7770175,19.234554,-0.26582065,8.073134,-12.568625,7.0431833,-19.771484,1.7550623,human
0,-1008.2312,547.3571,-122.882324,9.945415,51.48105,39.539757,-16.57869,48.27919,20.547993,-21.80218,18.023964,4.94256,-22.741774,33.23523,3.0997908,20.201181,-20.867147,23.674105,-52.826588,13.024503,human
0,-1049.1704,551.3362,-47.837124,8.566436,-64.79154,106.9306,45.236397,15.426162,-10.4115305,26.81157,32.119205,16.78222,6.8192277,15.2594185,2.8904202,9.00789,-17.407862,41.916054,-26.997082,19.792883,human
0,-1013.7421,616.3476,-88.011795,1.3114464,-34.577057,29.84351,18.995087,47.82757,-18.275326,1.8887049,4.950442,24.350132,-2.4848356,15.827894,-17.674492,15.529973,-18.245522,7.839656,-21.421776,14.451357,human
0,-1000.3097,566.8094,-67.24143,58.08423,-21.552134,95.953575,28.230745,28.929436,-6.4845347,24.58086,12.1014185,20.118435,1.4960132,17.521626,9.105583,4.79676,-6.421322,22.384235,-20.515205,25.79687,human
0,-1135.2739,614.4196,-58.11447,-16.551125,-13.59864,106.74523,42.99088,51.861694,-36.97564,47.04767,36.901054,26.550194,-1.0641859,12.268709,17.114996,29.973852,-18.717867,12.136472,6.3497286,13.4964905,human
0,-1077.2961,539.5673,-63.03387,-20.625645,-40.403824,84.67207,30.665277,30.774822,-53.497547,18.21064,28.309757,23.69838,-13.878677,10.043523,8.067475,13.423263,-38.384228,2.3269088,-4.6368237,14.781995,human
0,-984.3948,602.26776,-111.9313,-37.98429,-4.5357404,80.4488,24.741293,13.79336,1.7292157,16.310068,21.234076,9.723762,-5.93968,27.208782,-2.8591714,2.4680605,-18.260103,14.2129755,-17.745514,8.813563,human
0,-1091.32,550.9382,-53.756702,38.626587,-0.31857708,32.98111,-3.4540365,53.801888,-39.234528,-5.340312,16.917456,26.355185,2.921889,13.998481,-20.477448,21.556664,-9.419544,13.058903,-39.087532,23.255232,human
0,-916.6005,581.82355,-118.70059,36.344685,-24.751493,85.57993,40.925987,-22.693027,13.513723,11.976992,3.0301168,26.737051,-29.05758,26.467932,2.157359,-2.3002126,-15.469919,12.887148,-24.677248,1.0933808,human
0,-1895.078,231.67662,-79.5392,275.02182,35.816612,59.48643,-31.253273,10.7653675,-1.1644233,-23.359991,25.48137,-23.277729,-17.962849,-21.51156,-26.593956,29.859512,-23.12243,7.5695424,-26.645685,30.154894,human
0,-1552.2079,314.1985,-16.04708,114.876144,-45.77883,-18.481699,5.3554664,-0.9333705,-50.75084,-36.38191,-9.46082,-30.514957,-11.88626,-21.62961,-5.947025,-25.757635,-10.898134,0.13921976,-13.545924,-2.9604726,human
0,-1154.0409,585.5063,-51.10571,17.278587,-24.316843,19.232279,12.833322,61.622066,-15.500114,4.6255026,12.813116,9.690897,4.9406133,17.909191,-6.1058893,20.24936,-2.2360604,7.4938,-36.906216,14.908946,human
0,-1370.4224,571.55426,-67.61012,13.33727,3.609596,45.549675,22.906185,55.765285,-13.176113,5.470786,-5.5256734,17.754269,4.2255597,12.340223,-10.506764,13.896925,-3.2408733,15.18175,-31.993233,8.112676,human
0,-1884.3618,244.8305,-47.6864,240.16402,22.815237,75.57769,-26.420471,0.82485527,-28.59596,10.558499,16.780382,-3.9475138,13.209482,-45.591507,-47.297546,20.237799,-7.203388,9.325857,-29.72911,9.629773,human
0,-1969.1766,238.52328,-47.59176,231.20662,8.519302,89.92293,-25.338785,-10.137965,-14.503844,14.160676,33.41188,-25.829086,-0.24434306,-25.88175,-7.9252596,30.07886,-17.06523,2.690267,-23.50474,27.170984,human
0,-1772.621,148.56285,-185.82202,145.35051,-13.957854,22.657389,-14.658311,22.531088,28.17168,12.938804,46.22327,-26.599815,-3.56214,-5.0194993,-0.5500281,21.420424,-4.9405665,30.571114,-20.44422,34.516407,human
0,-1800.0923,114.300644,-155.32506,131.31464,-3.311643,72.75334,-23.865889,-4.2058535,8.664998,7.4835095,48.485245,-24.05701,-1.532371,-11.288646,-26.335133,2.04593,-1.8600718,34.70877,-34.73027,35.35746,human
0,-2012.5856,215.00891,-59.789093,228.72466,17.513948,80.279015,-29.897133,-2.1370962,-16.830814,8.058411,27.706823,-24.729134,-2.9213011,-24.11966,-7.4164605,27.252567,-15.709335,0.887716,-23.318583,26.236227,human
0,-1753.3402,203.57826,-171.30032,101.72754,-38.301003,-1.2370547,-24.813038,58.85921,-1.0419588,20.310692,48.7106,-15.103955,-51.83545,-26.19871,-1.5385686,-1.5736171,0.7885137,8.426713,-15.756301,28.713593,human
0,-1929.0284,326.3453,-88.49692,212.49425,39.935055,46.91733,-31.648878,2.625349,-5.4806247,-30.601328,21.844017,-18.652699,7.8877096,-29.776443,-30.72392,27.899508,-14.264975,17.455088,-26.460468,18.840069,human
0,-2096.4375,145.67316,43.326252,57.08072,-28.942358,-62.68252,-38.226444,-34.913498,-26.521824,-54.36197,-57.55401,-41.037518,-44.583355,-12.683164,-30.200573,4.4822083,-18.835354,3.8860848,-2.6312194,5.6701326,human
0,-1795.5901,353.68875,-81.56126,171.94095,18.997004,36.349483,-9.49627,7.245929,7.813616,-20.25878,54.50689,-25.22665,-47.70156,-41.771786,-16.714464,13.849332,-22.142878,9.025611,-45.56128,28.995022,human
0,-1894.9534,226.2981,-60.311966,253.38336,-14.742834,87.95116,-25.420774,8.725578,-29.323498,-15.293928,21.718594,-21.694998,-26.132523,-15.889095,-17.176596,22.504354,-10.761539,4.94303,-25.065187,17.378117,human
0,-1897.578,169.8043,-65.73961,260.71307,-17.794048,75.72889,-16.781792,34.179848,-11.584509,-2.585547,21.018557,-5.0446415,-10.947817,-22.763002,-18.038546,20.596012,-9.297727,15.981062,-20.8949,13.787768,human
0,-1926.7488,273.111,-91.20888,249.889,50.087517,37.797955,-34.03125,-22.712257,-8.2749,-1.084174,16.885717,-42.578102,20.595366,-31.04869,-25.968124,34.629417,-20.51796,10.246846,-26.58778,20.822735,human
0,-1901.5654,292.0755,-63.415882,238.80635,32.549217,38.987,-23.115261,11.284253,-17.316067,-27.16436,21.78917,-21.108618,8.329748,-34.099285,-30.1678,30.918396,-20.467987,19.485939,-24.055601,16.158445,human
0,-1877.0359,304.9832,-79.930275,207.06126,23.326284,37.433544,-38.910538,-4.563707,-10.678534,-10.625237,15.525261,-37.76878,14.866631,-35.07581,-34.766323,38.65728,-2.4201272,7.6061397,-28.361074,25.874659,human
0,-1870.0388,190.3367,-164.48463,124.66808,-34.01851,26.609385,-14.759266,38.359406,21.289106,2.939824,61.8118,-13.173748,-5.3738503,-18.256727,-10.97435,23.438803,-6.980593,18.443422,-16.777225,46.871964,human
0,-1750.0914,167.46997,-248.15329,139.1112,22.832722,46.125534,-34.25623,26.325075,-5.0171003,12.41496,38.306633,-22.85686,-4.0977325,-13.316864,-13.233643,1.6959232,8.560405,38.25422,-19.832457,27.660915,human
0,-1769.2195,183.3583,-182.22156,128.18509,-2.3922148,12.822863,-26.510944,15.194189,18.51806,10.463604,57.782913,-32.149696,-22.198587,-12.44143,-15.978449,9.406493,-4.0604687,19.153185,-22.631788,34.82829,human
0,-1813.7703,297.12875,-86.01882,281.92657,109.05904,43.12026,-55.91735,-34.716915,-9.947379,-17.706223,-1.3583243,-48.117516,7.270122,-44.475998,-43.446922,30.525799,-14.872341,11.68036,-25.062988,19.246319,human
0,-1824.0518,251.99203,-64.17679,237.04796,-19.421375,74.701836,-29.307045,5.5501227,-16.356476,-1.1176893,28.869331,-27.276115,-27.961008,-12.528583,-2.9966295,23.514734,-20.45193,-5.5893064,-20.816526,20.480803,human
0,-1888.3942,211.74234,-48.162006,264.5136,15.590841,83.57985,-23.905218,6.9747295,-20.059528,-0.9506006,14.235317,-26.367722,-11.875037,-15.842217,-24.281965,19.957743,-17.094852,0.81026715,-20.495886,24.527325,human
0,-1836.4725,189.24681,-154.52977,138.67311,-3.5463562,37.460297,4.03888,36.74373,19.525528,6.4078894,50.348793,-11.334142,-34.644714,-24.09564,-3.153836,29.57617,-7.3600764,25.210953,-21.668148,42.537766,human
0,-2006.191,231.79633,-44.943283,216.00165,10.172457,93.88078,-33.782486,-6.911275,-12.458686,9.781267,33.10584,-25.071335,-10.996903,-18.69446,-11.648608,28.84907,-19.717508,2.0503178,-17.033468,27.620548,human
0,-1120.4095,564.11304,-32.268055,54.608486,-18.112223,38.61749,2.8617954,71.234146,-25.296036,2.257565,19.065338,15.433517,2.800796,17.523706,-20.43736,21.698616,-9.317988,14.259679,-26.471853,19.7105,human
0,-1941.4518,256.49243,-44.790844,229.08812,23.96863,82.20522,-35.50035,9.119973,-3.5498788,1.9486071,26.234753,-42.96703,-21.845602,-23.516531,-7.268865,18.809298,-26.581482,-4.0580606,-20.807993,27.003931,human
0,-1777.2968,381.68567,-72.29906,191.74734,33.25635,33.501595,-29.935415,-2.2701123,-6.806416,-35.38148,21.072895,0.17807707,-2.9347217,-54.143368,-34.344566,25.27787,-15.291525,17.135628,-38.656994,8.980027,human
0,-1732.8883,215.62589,-184.37276,111.30668,3.705602,4.40931,-41.925053,19.014854,5.614712,13.960268,41.21856,-21.249916,-38.72231,-32.721695,-10.347778,9.06319,-8.918746,15.508659,-23.738735,29.066734,human
0,-1770.5183,359.51117,-126.01689,174.83693,34.693424,31.766666,-11.450067,3.298272,-0.28408572,-15.646113,57.395443,-30.290121,-34.300835,-45.20685,-21.735659,13.991466,-22.33982,-6.5694323,-34.31937,28.089813,human
0,-1869.037,251.44133,-106.20147,247.30121,20.574585,64.96481,-47.764614,-6.9022393,-9.6204815,-16.657293,37.118923,-21.30019,-20.566708,-18.600676,-8.131381,29.365978,-19.874094,7.960877,-28.677511,27.115215,human
0,-1929.2155,306.94684,-84.52974,224.3273,44.419403,38.215824,-21.183704,10.327845,-14.885225,-21.08453,30.817915,-19.283804,12.513637,-31.00336,-28.873404,22.141317,-19.894472,16.967789,-27.611607,15.560919,human
0,-1179.6232,653.08234,-32.47507,-3.5986168,-46.7886,37.701603,18.067015,63.00049,-23.31832,-3.6746776,30.813023,26.639502,19.63984,14.75646,-15.857721,16.754114,-3.609439,-10.645248,-22.188246,19.45074,human
0,-1834.2349,338.39853,-61.11832,231.3959,37.943245,22.270716,-23.102644,-19.938087,-32.468468,-27.22679,24.780151,-15.453229,2.5677795,-38.06968,-29.992973,32.728333,-21.064384,13.825943,-22.686668,8.092521,human
0,-1750.5856,195.39148,-210.6516,106.47798,-4.4366035,7.0376706,-37.84422,33.615623,17.621828,26.466694,48.155678,-9.403796,-38.54948,-37.75704,5.2200003,22.731615,-3.1848688,15.014556,-8.118235,34.41575,human
0,-2003.9701,241.6668,-36.667297,247.28586,37.00949,63.294983,-36.80996,15.698594,-8.399888,-8.724356,20.96144,-33.12166,-5.3238626,-18.296425,-20.356318,27.995714,-9.711152,3.8321378,-20.842447,30.692749,human
0,-1862.4265,300.86206,-79.29183,216.826,25.141457,47.993195,-34.704857,-13.436463,-17.381466,-6.7292833,22.841185,-22.410463,18.019367,-32.887188,-34.272617,29.702246,-7.3351703,16.062254,-27.585533,18.20584,human
0,-1183.3788,629.14136,-57.571743,4.867731,-5.744937,34.441696,15.235403,55.745087,-14.902444,4.278761,12.816778,17.587887,5.563835,21.947033,-4.8545175,17.58088,-6.9877176,6.6841183,-31.759914,12.189172,human
0,-1925.0425,166.7103,-180.8894,137.80754,-24.728806,37.859875,-14.1283,24.99436,29.819906,13.12812,68.294556,-15.72623,-8.029576,-26.594828,-10.486308,31.516993,-9.376818,26.656498,-7.599891,45.895252,human
0,-1627.4426,205.72066,-34.93163,101.1871,-63.102436,-15.407172,-22.43804,-14.472098,-19.466127,-25.53709,-20.6655,-10.71814,3.4845035,-22.695696,-1.2637393,-18.342175,-2.907373,3.0683572,-16.264406,-6.520755,human
0,-1263.7074,595.5504,7.2474117,24.096975,-28.156567,48.203724,-10.537278,51.141144,-40.697575,-7.7880173,28.89404,19.891327,15.907359,-1.1246899,-15.227859,27.557674,-8.744219,-4.767838,-13.9450245,25.252745,human
0,-1974.8717,102.645164,-108.21602,251.24121,-35.92248,74.13244,-28.493547,36.233505,-11.400274,9.694291,34.21145,0.64356655,5.4805326,-4.0541368,-18.81052,18.772465,-10.510728,16.719177,-19.6219,21.386747,human
0,-957.38385,576.2015,-95.008446,22.34244,-18.178589,39.497505,4.955888,79.8488,-22.577232,10.590049,4.941057,13.723959,10.36548,16.820711,-18.484632,11.664109,-6.507609,10.194483,-31.421583,17.191698,human
0,-1443.4384,325.87546,-24.634478,106.54781,-82.42714,-8.54551,-4.6716375,-28.00835,-51.434696,-33.89412,-5.442111,-13.812551,2.0020332,-36.22768,1.1814398,-20.481674,-28.490837,1.0729777,-17.134405,-7.616121,human
0,-1868.869,308.4311,-83.414246,221.09274,22.753885,34.07914,-19.286894,0.9605606,-40.3745,-23.849989,31.632774,-25.679762,1.9659536,-36.992493,-22.67299,39.53938,-8.820049,12.5499735,-30.284958,23.469372,human
0,-1861.3776,344.75272,-51.976612,217.55615,3.1485527,50.60023,-41.787453,15.187795,-25.612528,-27.166143,20.152273,-8.26689,10.522257,-36.497448,-23.779682,28.163437,-15.007843,5.0853543,-24.779528,7.9283943,human
0,-1699.7454,297.95865,76.98153,33.71258,-36.036266,-60.334747,-40.94871,-57.282593,-94.03866,-99.82734,-57.9042,-5.439028,-36.86961,-46.58172,-11.6807785,-12.39925,-31.386532,9.390609,-25.07985,6.171835,human
0,-2892.129,303.28506,23.690647,96.34892,-20.873695,34.274536,-11.302385,26.28076,-44.189857,-8.605758,-23.191072,-34.30245,6.3989334,-50.403786,7.1555576,-19.486645,-16.072908,-3.7371469,-3.8691032,-17.137438,human
0,-1912.5575,219.40652,44.238728,49.942146,-7.829906,-31.063831,-53.79629,-65.98743,-51.614685,-77.5894,-51.70289,-15.310935,-48.18097,-33.215622,-26.456337,-12.13875,-32.37435,-4.945471,-28.367197,7.870445,human
0,-2694.8372,398.02716,50.851315,180.0082,5.219661,64.92171,-70.51284,35.857582,-39.49681,-4.06206,-45.19065,-60.87596,11.578457,-58.670628,26.356358,-13.918863,-6.5398126,-11.626024,-11.206475,-22.35233,human
0,-1771.9227,319.1869,78.51952,26.671572,-30.64705,-56.67741,-33.079563,-46.952038,-80.01192,-102.39098,-56.065403,-9.4265375,-37.763123,-42.006775,-24.563507,-13.345864,-34.466347,0.51368695,-25.022831,7.8419595,human
0,-1703.475,160.10255,40.39602,71.36563,7.771404,-62.391468,-80.36092,-14.052967,-4.7104716,-55.81466,-37.89811,-47.185314,-47.633827,-2.589498,-24.67791,-17.1905,-17.065268,4.994709,-33.586697,-1.3052897,human
0,-1871.2343,86.75171,15.876137,31.666433,-7.324021,-29.720533,-37.75618,-6.543847,-13.028685,-16.718828,-25.852646,-20.128326,-26.405504,-0.6823372,-12.826057,-3.48946,-11.412519,1.7627878,-16.472527,-1.2674149,human
0,-2964.2725,270.28848,27.795525,113.1359,5.0279927,35.03758,-14.078703,8.8908615,-36.38898,-6.938663,-30.777697,-26.482065,3.9387577,-44.904095,16.56255,-14.838132,-5.80088,5.538462,-10.957905,-10.581911,human
0,-1604.6167,368.45718,-36.407864,115.43913,81.089455,14.004503,-7.170889,-69.191765,-51.083767,0.685611,-60.281162,-26.878159,-16.916685,-29.320906,-25.18559,-0.6544295,-24.498173,-6.550745,-13.430946,13.641176,human
0,-1596.0952,285.33136,-18.9828,61.89135,62.64811,26.652544,-35.712063,-43.13369,-45.57103,-12.7866955,-40.551796,-30.114853,-19.824406,-18.027239,-44.670315,-3.7333717,-10.0376625,-0.7915843,-22.370895,7.3402505,human
0,-1414.4258,429.76727,-48.579723,115.18008,53.51105,-0.09698478,41.715534,-46.201286,-56.077908,18.156162,-72.70993,-26.646202,-15.61967,-21.090157,-58.195663,7.341457,-32.700245,0.14124435,-18.504667,-9.494667,human
0,-1841.8757,181.46806,-21.244194,68.74502,31.477625,8.625848,-0.9222893,-27.376608,-16.246937,-20.787455,-39.27474,-14.241125,-16.808811,-7.0090446,-33.434856,-1.3283823,-2.8542237,-7.075092,-11.425222,4.5234456,human
0,-1662.5262,228.59865,-1.0447452,165.71951,25.393478,7.475384,5.4665885,-60.630695,-18.314875,-6.866507,-61.867496,-13.469926,-20.417877,-19.578157,-31.780281,3.7565427,-12.552259,-8.715462,-5.8447156,6.303084,human
0,-1363.2379,403.3069,-73.34777,118.42374,91.11043,-0.8638224,-27.654448,-68.021126,-67.096924,0.5339259,-72.218575,-35.71832,-11.455325,-2.5979865,-61.541782,11.1930895,-34.235245,4.921176,-24.560661,-7.077638,human
0,-1455.1393,299.0129,-38.438457,126.25201,109.27937,16.013882,-23.453407,-50.048016,-31.423643,8.756599,-61.268116,-30.106752,-17.597277,-13.963518,-23.475222,1.2067481,-22.52196,5.5247383,-20.375265,-15.873435,human
0,-1460.1304,314.27982,-60.963707,115.323044,77.90999,12.637621,-26.1813,-54.45535,-37.91986,16.398722,-65.14946,-29.265728,-21.402615,-21.496609,-27.404749,12.209838,-23.94528,13.378927,-9.889648,-2.8704398,human
0,-1591.1981,326.65594,-57.547714,70.69782,34.218952,26.23545,-0.008653659,-82.25057,-26.939709,-5.756359,-40.107227,-23.66615,-22.061575,-24.026035,-33.422127,23.078232,-28.134346,-8.696606,-13.639053,5.4630375,human
0,-1522.6271,336.15778,-51.812473,76.60358,31.820305,9.39913,1.576127,-63.54781,-29.81136,-12.086842,-52.340538,-16.336878,-14.835706,-22.891657,-31.45948,11.155488,-24.741287,-4.1310663,-14.607438,8.084659,human
0,-1587.2034,252.11932,-49.648212,96.70752,71.68049,-8.1918125,-36.395958,-73.01519,-40.192238,6.964898,-59.67881,-18.96058,-12.996264,-25.420061,-21.791922,-7.432353,-15.347047,0.77397394,-21.077883,14.63583,human
0,-1287.2687,341.25748,-49.699337,162.55971,94.41061,-7.3106155,-24.195126,-51.896294,-38.33783,5.662009,-75.592316,-38.395977,-12.091166,-20.755632,-51.804504,4.198753,-28.491093,9.056551,-18.035425,-6.3256865,human
0,-1571.7125,341.18823,-72.767296,46.916534,34.744152,6.0811687,-0.9965353,-77.881874,-42.430813,16.938128,-56.278797,-1.0577682,-6.5161614,-30.272642,-28.03979,0.24828665,-21.56157,-5.4907403,-21.560741,20.45228,human
0,-1446.0474,413.3048,-0.4444085,100.22854,43.627815,19.749529,15.397775,-90.13119,-45.136955,0.9546671,-102.23279,-28.332771,-11.700548,-28.939005,-27.002342,-3.545707,-17.344212,-9.459746,-11.125775,21.69039,human
0,-1364.631,395.85767,-91.75089,121.40072,94.11214,-24.111423,-19.154322,-66.22472,-59.35388,29.09927,-57.14787,-25.904026,-4.4878902,-34.906567,-40.7312,22.195915,-27.461418,2.2080982,-26.368647,1.0202062,human
0,-1025.8533,464.65118,133.03406,76.41378,103.37141,11.674901,40.43557,14.208829,-15.547988,-7.906223,-6.7467184,-1.5090481,-23.611279,9.623425,-25.477854,7.4805098,-0.4180793,1.4760746,-21.534752,10.476448,human
