,0,1,2,3,4,5,6,7,8,9,10,11,12,13,14,15,16,17,18,19,20,21,22,23,24,25,26,27,28,29,30,31,32,33,34,35,36,37,38,39,Duygu
0,-273.31912,124.51582,-42.301212,61.784035,-16.230396,41.39082,-13.816267,20.597937,-3.2715454,11.048037,7.0575695,-3.6762319,6.633487,-8.980494,12.618555,-5.5197377,8.346714,-5.0048857,5.0811954,-0.37136894,0.65338594,2.1368353,-3.6496596,6.193373,-4.211031,6.463951,-3.4482024,4.002786,-0.5650046,2.7030551,1.7302487,-1.2143897,3.4598265,-2.1503863,4.143867,-2.2170339,2.4719577,-2.1374853,1.4949653,-0.80005896,cats
0,-370.4665,118.29724,12.055739,15.983206,16.898142,-1.1280435,-7.200597,-2.8617578,-13.110901,-12.339884,-1.6539301,-9.342198,-11.906274,-7.0987177,-9.608955,-9.242673,-5.124139,-6.686597,-7.8515434,-8.323053,-6.0847087,-5.6790123,-7.1935925,-3.5662754,-5.7420273,-6.415044,-3.8847108,-6.117122,-5.4368343,-3.729037,-2.8107347,-1.8631327,-2.9227448,-0.90124464,-0.18998863,-1.8406543,-1.1724032,-3.6828263,-2.7301085,-0.0898526,cats
0,-261.01425,68.59294,-68.434715,57.70945,-30.124811,17.513027,3.3632905,11.57177,20.188723,26.53432,28.560873,8.683685,6.4038806,-19.294655,-3.0212815,7.6224446,13.05922,1.3934094,3.1641202,21.346397,8.620008,-4.4706235,-1.3617405,5.988468,-2.4767227,1.3971813,10.42639,8.876681,0.71181256,6.0535975,5.9762692,-4.8341966,-0.05692239,1.5335941,-1.2118752,1.85835,4.1261563,-0.45445117,1.1218019,-2.3978932,cats
0,-316.0102,130.9508,-19.625652,37.887035,-7.2025294,14.09485,-9.078204,3.2507389,-1.6972313,-0.23110877,3.2317522,-3.216666,1.5898417,-9.186467,-0.08610993,-5.722125,-0.044562772,-5.097544,-2.0492191,-0.26275223,-4.298661,-0.9035585,-3.1079724,2.539897,-3.4066195,2.031603,1.77767,0.5930242,0.880294,0.8544332,-0.23297243,-3.476567,1.6896361,-2.0078118,0.45312965,-0.20610194,-0.86539036,-0.20724346,-1.0314628,-1.7098897,cats
0,-217.02348,89.00782,-41.17256,74.66258,-14.939281,32.06115,-14.686216,30.69514,-4.9981356,-4.5579824,8.213158,3.32726,28.405458,10.376047,27.600664,7.678345,-13.009889,-16.631609,24.28386,2.176965,-15.6968155,1.8808802,-4.1421847,5.460869,6.5976505,14.204001,-0.65171427,8.580262,1.4947827,-9.275571,-1.9316651,-0.16405949,-2.683624,-4.8701615,3.7258587,-4.6464252,4.938212,5.2565064,0.56893647,1.0252514,cats
0,-297.32498,155.06842,-32.694813,50.443317,-40.50988,42.036167,-24.021818,19.510347,-10.98867,9.666483,4.7383785,-0.08649,12.809591,-10.336919,11.818056,-12.261502,8.626073,-8.841339,2.1766367,-3.3973536,-2.1486452,-1.1423595,-6.8896546,2.6795409,-8.431405,4.0696607,-7.4067254,3.60047,-3.3418853,-0.73903215,-2.9281323,-1.9198261,1.8052629,-4.783591,3.0430853,-3.9489603,2.5993347,-3.8147206,2.3552818,-1.0422243,cats
0,-194.15608,96.25028,-44.438076,41.62685,-21.592197,19.3491,-0.28807047,0.60559464,-5.8012137,-5.3035316,10.850779,4.363003,27.802235,1.956935,-15.019846,-15.748176,-13.176622,4.2476873,1.6549752,-18.195438,-8.473703,15.105645,15.664854,4.665463,-3.86443,5.8319006,-7.1123505,-15.468404,-0.31936005,2.3253796,-4.550324,-9.946727,1.2737463,7.912806,4.241102,2.642048,-0.061627448,-5.0981507,-3.8119235,0.47618094,cats
0,-260.6389,90.66974,-41.66964,0.67474085,-28.410786,1.0206534,-18.48916,-11.60791,-4.778861,-7.1622815,-8.624867,-12.645851,-3.5641086,-12.35879,-3.8252864,-5.3128295,-3.4395647,-2.4511776,-2.4120984,1.5701107,-1.1984351,-3.126469,-2.859693,1.7668725,-1.344593,-0.7260854,-5.251401,-4.1885066,-0.95436424,-1.7542794,-2.6513643,-5.4054446,-2.903369,-3.3649135,2.494968,3.2330635,3.6950135,4.9079695,1.7428206,-0.35139275,cats
0,-218.62991,183.3276,-61.184177,-13.354355,32.12661,-3.1335163,-20.368528,9.512407,5.251945,-13.5617895,-2.9231906,-0.12802713,-1.4698421,-6.658534,-5.1156187,-0.5756814,-2.9585705,-4.3954287,-6.216851,-3.3303616,-2.316437,-5.098156,-1.9924278,0.8808327,-1.7567157,-2.843707,-2.8188822,-2.0237033,-1.4909707,-2.8881793,-2.3125038,-0.13139217,0.29642564,-2.140156,-1.4970526,-0.8242871,-0.61411387,0.5929632,-0.6965699,-0.06866929,cats
0,-289.78433,19.932924,-87.98626,26.22178,-32.78115,15.979036,-28.917574,9.893177,6.3863883,4.214935,0.07474011,-3.4339359,2.9119325,-17.241531,5.8619633,-9.826478,7.310464,11.654932,17.640863,17.503517,5.3077016,-0.07701552,-7.670693,2.1327739,-2.32189,0.7157294,-7.5887127,-4.49057,-3.4871986,-1.873223,-1.7247748,-6.0503473,-1.0295688,-0.27336004,4.653145,-1.2351521,0.031955596,0.86428493,2.366339,-1.1841552,cats
0,-356.58865,76.13275,-5.358262,-4.010377,-16.311956,-3.74797,-5.675369,-29.180645,-19.022388,-10.830218,-9.634766,-1.8687028,-7.867813,-8.13323,1.4521219,5.512445,11.203423,14.771489,13.199371,4.228614,-9.806167,-14.650239,-7.6177607,-2.339901,-4.9594755,-9.645371,-10.726744,-8.890949,-7.0002074,-4.4922156,-7.032841,-6.371024,3.1384933,5.714271,1.8385652,1.5684506,2.6264384,2.104668,-2.00172,-5.776641,cats
0,-332.89297,89.67001,57.64447,21.382065,-39.88327,12.75407,-7.3690734,4.2115617,-13.110276,-5.8177567,-0.37254405,-3.3692322,13.683494,-5.2835975,5.5591784,8.535848,7.0612206,5.7217407,2.5802264,-7.357601,2.1101978,4.7415733,-3.552537,4.266809,-7.8586392,-1.8074617,0.90556294,-3.1800184,-2.084295,0.3340485,3.0044022,3.806228,1.2808578,-3.2341397,1.1594094,-3.420726,1.1688699,1.1096604,-0.5768965,0.20799883,cats
0,-283.51312,110.42778,-46.49463,8.091956,-31.841408,5.1328683,-21.695278,-8.383385,-6.3380165,-6.32802,-7.003706,-13.943419,-4.845384,-13.666163,-2.0679014,-4.145746,4.4530025,0.031732585,1.8833696,4.3572006,-2.662746,-6.1536922,-10.545158,-2.3647852,-3.7911413,-0.35726944,-6.600553,-4.226076,-0.1479423,-2.4468927,-3.8346264,-5.6532264,-0.7839815,-1.1997547,3.3023202,2.1658704,5.1523666,4.1060367,0.8542517,-0.4436412,cats
0,-280.03094,109.93842,-48.041943,5.455309,-34.924095,6.428155,-21.479692,-9.509962,-6.877505,-5.5386868,-6.5463524,-13.659314,-4.866991,-14.709802,-3.6117399,-7.1061215,1.3116525,-0.59979695,4.5446258,8.665427,1.4333538,-5.7673244,-11.163086,-2.2382267,-3.23521,0.899026,-6.852177,-4.9889245,-0.65735835,-0.6449262,-3.4493756,-8.109001,-3.5555534,-3.5275064,4.383996,4.347123,7.939455,8.008065,4.327673,0.5486378,cats
0,-289.86835,122.63435,-35.037952,58.136917,-17.889843,39.657642,-12.858131,21.474096,-2.433627,10.11219,7.3455644,-3.6225595,7.1288013,-8.936883,10.892452,-5.616647,8.42565,-5.224138,3.7619328,-0.7668542,-0.40178427,1.7850608,-4.6868777,4.976627,-4.582837,4.9985476,-4.6288195,2.684732,-1.4916219,0.8479682,1.2930475,-1.4047704,2.5750518,-3.1317146,3.0709026,-2.5633087,1.8939635,-2.539974,0.7199892,-0.82987934,cats
0,-262.1302,126.19409,-36.404297,57.451523,-11.363729,39.777245,-12.216234,16.068972,-4.643462,7.7997923,4.993401,-6.574248,3.5364537,-7.8563375,12.614544,-4.815083,7.7750716,-3.8630016,4.157643,0.13275728,-0.12475368,1.9437515,-4.099615,4.830381,-3.9146833,5.3151484,-2.6881957,3.9785788,0.11854105,3.5244513,2.7619507,-0.9956528,3.67963,-1.2262095,5.2843156,-1.187092,2.8378289,-0.60696656,2.0580301,0.6816008,cats
0,-377.7491,66.65644,5.093321,15.105472,4.4026365,5.279941,10.2981415,6.250144,-2.8230155,-6.4189305,-8.021904,-6.991467,-1.9596312,-3.092496,0.3841641,-0.62305063,-3.9681382,-3.2458973,-2.5176735,-2.2246213,-4.165518,-5.375334,-4.969012,-0.60085654,2.1617866,0.72658926,-1.0170074,-0.8002567,-0.654524,-2.2770045,-1.947401,-1.3947769,-1.5882592,-2.0873957,-2.037393,-1.8767507,-2.5091052,-3.061555,-4.151034,-4.2924695,cats
0,-212.46832,98.79646,-79.53171,63.115887,-34.04621,32.47451,-24.306242,17.249195,5.074736,2.3127403,6.6463284,-6.7049723,9.993522,-10.381456,10.189684,1.1310576,12.624187,6.03954,10.696976,8.347897,3.8184059,5.7622423,0.5460223,6.414348,0.111029856,5.153349,-5.7176676,0.29431728,0.4414154,3.301247,2.5572147,1.5707073,8.704623,7.172002,9.87507,2.3237875,6.040145,1.3038936,2.0632787,2.9534352,cats
0,-336.03903,92.10866,-106.33042,-25.401566,15.112375,20.346111,-4.7712007,-0.069234386,-4.322855,-0.5574197,15.2740755,-6.3705025,-11.905934,-8.268477,-6.46431,1.0115573,0.42755002,-4.7547517,-0.20808384,1.0715694,0.6897257,-6.332951,-9.997039,-2.5074644,-1.8498001,-3.8194022,-6.208724,-1.3322115,-8.503504,-12.75686,-0.69762725,-2.2560036,-7.283734,-5.3872967,-4.7970448,-2.5254,1.0748472,-2.6155696,0.4482089,-2.5921805,cats
0,-345.11072,30.245554,-101.53021,54.147713,-42.056015,30.35486,-32.64101,7.989285,-11.75403,-3.8800476,-9.121774,-4.997468,24.215979,4.5671363,28.136261,5.765713,11.764223,0.107220314,6.2483487,-4.063722,-3.078098,-4.7722826,-4.8799043,11.436433,-0.4827404,3.7636476,-5.0492463,9.514643,-1.9615077,-2.431746,-1.3278568,0.09567934,5.67164,-2.7029932,3.8727057,-1.8443358,2.3835402,-2.9224398,2.8063593,-0.8439749,cats
0,-384.4811,65.77866,13.5444975,18.835863,11.812515,10.3055,10.614185,8.983645,4.988056,1.180532,4.328402,2.8066885,0.99499375,0.33082262,0.3794238,3.7364447,6.200371,5.608107,2.566203,-1.919269,-3.0969222,0.063559815,1.9922838,1.4930644,-1.4086503,-3.0333521,-1.849939,-1.0713676,-1.1255665,-1.3342421,-0.22766688,0.5173517,-0.20895962,-0.49907425,-0.68472487,-1.3314737,-1.8494737,-3.53127,-3.7058303,-1.8249377,cats
0,-172.5964,115.96177,-89.44023,1.280749,-50.912197,11.974656,-18.399782,13.141333,3.4242163,-16.909405,-4.8687205,0.016540492,-1.9756963,-7.4100285,9.997188,2.180897,10.600456,-2.457323,2.8934138,-1.5508071,-1.5075247,-1.2446268,-5.165569,1.1095896,-9.676203,-2.8939257,-9.694035,-1.1156636,4.489122,10.914142,17.419296,10.970324,4.6890316,-3.9546416,-4.4836135,-2.1087325,6.3161902,1.581323,0.30917343,-5.978433,cats
0,-397.18878,154.72661,-23.62618,47.46602,-1.1024624,14.4072275,-16.16992,3.9100597,-16.688034,-13.174815,3.4377112,-14.128767,-5.32958,-11.1503105,-3.4907296,-12.789035,-4.3533926,-6.6971736,-5.9365897,-7.113724,-9.05012,-2.1123939,-10.316829,-0.20752448,-6.534311,-4.69408,-3.5700934,-6.0650444,-3.392726,-4.98392,-1.3880993,-3.6190598,-3.060439,-2.3364632,-0.9816953,-3.7810774,-1.1836547,-3.9900923,-3.8895469,-0.05404344,cats
0,-263.491,127.642586,-32.35469,66.556564,-34.137676,39.81911,-13.02568,16.183525,-4.1619425,1.9811575,-2.0489845,-3.8309264,9.764698,-6.5674,12.005159,-9.0161,6.110308,-6.290074,4.2701173,-3.73949,-3.2588525,2.2918944,-4.87604,3.6533356,-7.305236,2.1294734,-5.4458613,3.8369246,-0.98097295,0.8306472,-0.7575791,-3.6592505,0.016178891,-4.6539483,2.1181777,-4.00439,2.2949984,-3.4114912,-0.20331943,-1.9622983,cats
0,-285.01974,88.70207,-27.933092,5.4199657,-30.354176,10.730832,-8.285243,-0.76787585,-5.8611073,-4.7064347,-9.919373,-9.070243,-0.2881187,-5.6077604,11.444672,-9.723987,2.6580703,4.7368684,-1.383986,3.0552573,-8.810221,-0.11952042,1.4308537,2.0601141,1.2626029,3.565097,2.1321466,-1.4383395,-0.9252632,-3.231025,-1.0317059,1.8971244,0.09893739,0.91453075,1.7342519,-1.2710727,1.6092919,2.2654254,3.452437,-0.8640916,cats
0,-396.01413,22.114525,-52.214676,41.234783,-19.229126,21.220419,-10.85584,8.225164,-3.772454,-1.353149,-1.3346063,0.9494843,19.995531,8.368905,17.693266,1.0718368,2.083124,-0.99203306,4.9727674,0.022034222,-2.470734,-1.172071,0.4906237,10.494445,2.823314,5.205094,-0.2952778,5.617652,-0.19112952,-1.9447592,0.28850764,-0.6749517,3.0228944,-0.67024904,3.7082217,0.7720729,2.4310536,0.92965573,2.6449893,0.7229555,cats
0,-277.73676,106.21214,-5.4541135,16.952238,-3.5541472,11.321653,-4.979072,1.614702,7.304057,-3.376272,-3.6885424,2.290196,9.526269,16.240456,19.321156,4.906716,0.5199706,-6.0681467,0.9845096,4.538339,-1.632143,-0.038915176,0.24980314,7.063184,7.068694,5.4266376,5.7494144,11.174504,9.3297825,1.5973022,1.7048097,2.1234674,3.1108167,1.0587156,-1.2775663,-0.16156386,1.379506,3.36137,5.6872015,0.84934616,cats
0,-387.54446,57.726757,-66.785126,45.966705,-33.554527,26.673695,-17.360302,5.919201,-11.328009,-3.7040195,-4.17926,-8.086485,12.3005495,-0.15685053,12.989904,0.022069616,11.361429,-0.11709974,5.5767865,1.2631886,1.9132798,3.6195655,-1.9973621,5.1076317,-3.315657,2.844672,-4.0225167,3.656833,-1.2149073,0.39884788,-0.24867369,-0.7282008,4.195989,-1.780477,3.3250406,-0.66923124,2.3401115,-2.9198635,1.346049,1.2788434,cats
0,-273.38947,86.42312,-48.816883,44.22849,-9.7084255,18.52907,-4.456664,8.476244,13.110809,1.8755859,10.168793,0.66976416,9.403863,-0.67849565,2.02615,2.0259523,5.778532,8.571425,11.739974,14.533406,7.1951194,6.220691,1.901547,3.75327,2.2443762,1.2639297,0.17465132,-1.0066491,0.19502108,1.191332,0.8243801,-1.009495,0.04199875,2.1416094,6.5737214,5.9062686,6.459778,6.5730515,5.434898,2.71078,cats
0,-193.59314,140.69073,-32.18614,49.04332,-16.286951,32.42144,-12.379912,17.34165,-9.818609,25.041857,12.933635,-28.015982,-3.8137875,-10.488679,8.04223,-9.148467,-1.157694,-3.2885926,7.7306304,-1.0137042,-5.642281,2.1043568,2.2187529,4.69784,-13.094881,-3.0400279,0.12386527,0.4732729,-7.0048904,7.6475964,-5.3635354,-17.890108,-0.21971194,-7.658363,-5.1440043,-1.7070931,2.2109175,-8.270683,-3.3167353,-7.2363954,cats
0,-289.26102,128.46371,-0.62440276,13.215102,2.0487046,11.367973,-3.9939585,1.9818211,2.3929136,-0.9391486,-1.8409353,-4.763847,-1.3989712,-4.905732,0.032713223,0.71753407,4.638727,4.5671496,5.225847,5.26068,4.923566,5.7811055,2.7906854,3.1565971,1.6646656,1.9182142,0.008378921,-1.9492283,-4.6885133,-3.7377875,-1.908166,-1.1182606,0.9378928,-0.17110361,0.4251483,-0.26347995,0.45838523,-0.21448179,-1.3471415,-1.001724,cats
0,-423.66846,116.74397,-26.136488,59.064796,-16.104618,30.318602,-10.400802,18.270649,6.239501,1.5888522,9.802393,-5.5102897,9.168902,-8.487922,9.400073,-2.0406215,8.395193,2.6281457,-0.49101833,4.1759796,-5.708862,4.4764285,-4.434679,4.6784754,-3.0214942,-0.029930353,-1.0164682,-0.9867796,0.95362,-5.633619,1.8600943,-3.32037,3.7727668,-3.278583,-0.32568532,-0.91824305,-4.0187635,-0.6895509,-5.029728,0.79311424,cats
0,-269.2133,66.71042,-47.560715,78.17065,-9.378688,24.460402,-11.053653,23.520782,-3.6997046,-6.362773,15.327655,6.09261,34.41889,8.029072,-4.8284054,-13.770035,6.087304,13.335888,4.0118756,-11.570744,-6.4732666,14.916224,12.314901,3.7056084,-5.1508083,7.2546525,-3.1103723,-7.8448143,-2.159011,3.0113034,-4.6562347,-6.3555007,11.852543,5.198609,1.694503,1.1695858,-2.8954632,-7.1279473,3.335752,0.1303814,cats
0,-128.74533,82.08679,-130.70515,49.550377,-55.079357,27.934105,-26.932676,18.626137,-1.2297022,2.2758057,-2.253594,-7.9295564,11.340951,-11.005636,2.6928546,-6.462108,11.936614,-8.4268055,6.773017,-3.884769,-3.3745556,1.4921365,-6.069601,-1.333594,-9.017332,10.322634,5.7942557,15.669627,4.1382,3.5745938,-3.42033,-2.795024,5.510863,1.010299,3.6883028,-7.4634204,1.1067867,-2.133534,3.8122172,-0.01898412,cats
0,-285.2917,152.1533,-92.198265,3.5697644,33.364147,-40.79458,-2.4619887,19.417225,-21.56203,-1.2983317,5.8505588,-18.067226,-1.1405009,4.2883716,-4.931906,8.855739,7.4581056,-1.6686434,9.459749,4.2998724,-2.3093598,7.2346897,2.7229493,-1.0881336,6.005937,3.2163541,1.2038376,6.9278097,3.791452,3.2795658,7.586576,5.1205754,4.7284117,5.814328,3.9750023,5.0659876,5.7538295,3.532796,5.041258,4.5408077,cats
0,-324.60898,87.682884,-32.58065,27.029236,1.2738405,15.457774,-1.1051488,14.463881,10.079161,-0.31544307,5.501484,4.386917,9.796869,0.20769578,3.4599004,-0.3130055,1.4921359,1.6388435,1.7377218,2.2220998,0.6157848,2.4059532,1.5229589,1.7637491,-0.9719132,1.0918633,-1.0545291,0.7150898,-1.1166279,-1.9663926,-0.8155152,-1.3196613,1.6693764,-1.0348644,0.89458275,-0.961623,-0.7679171,0.41870132,0.30708712,0.56372064,cats
0,-159.09415,102.32783,-129.5844,24.94558,-38.564407,18.850134,-34.123238,25.32914,-8.344105,0.2993387,2.372428,-19.118414,8.674149,-3.2063746,5.455308,-5.6715117,10.426691,-3.550871,5.6778517,-0.48407677,2.043255,-3.4273913,-6.1744857,4.959941,-5.3298388,4.4648213,-10.70761,-0.017815351,-2.1162226,1.0665276,1.0983049,3.5725543,8.663097,0.91196394,1.4269382,-4.8319693,4.728149,-0.9671251,4.394517,-0.15570721,cats
0,-407.86826,116.55456,-28.466711,63.942917,-19.215885,33.49197,-11.386166,20.21715,7.1344485,0.48720217,8.507992,-7.5522475,9.532025,-9.6876955,10.250795,-1.4968796,7.477087,0.87484074,-0.2662785,5.374947,-4.247896,5.7587485,-5.5818596,4.207731,-2.4156387,1.3674767,-1.519914,-1.7709432,0.7940781,-4.551474,1.280959,-6.2274055,3.3652442,-4.0704155,-0.23842792,-0.99665165,-3.8288426,0.33876148,-5.1812034,1.1625029,cats
0,-442.4441,39.98215,-45.758625,5.607328,-20.94203,-5.5816655,-16.52797,5.397642,-8.971596,5.06838,-6.603533,-0.79323286,3.8304195,-9.242942,5.0122905,-8.256069,0.53056407,-7.2318416,-2.30231,-1.8335844,-1.344162,-0.8272354,-3.6147354,0.2548538,-4.1188803,1.5382495,-3.268324,0.19365706,-2.2137613,-1.0797564,-0.45678824,-0.98156923,-0.33446196,-1.7760589,0.38370636,-0.94362473,2.1094015,-0.77836126,1.5146835,-0.59110004,cats
0,-262.47067,127.69334,-28.549202,59.89011,-29.281897,36.80279,-9.577505,14.66028,-3.5177557,2.28841,-2.2170622,-3.7221704,10.374418,-4.775349,12.44958,-8.465803,4.3067865,-5.279749,3.4826698,-2.9047377,-3.608639,1.3385254,-4.6792645,4.013997,-6.2422433,2.2357411,-4.455608,3.5757976,-0.27894875,0.6614164,-0.20604321,-3.8502002,-0.0015387471,-4.1987267,2.2076168,-2.864429,2.4093983,-2.7872543,0.04896726,-0.957503,cats
0,-393.36194,133.17427,0.086937495,32.063095,5.4085407,5.854221,-10.293317,-4.346131,-11.665451,-13.712333,-1.0053642,-12.699674,-5.465802,-4.335541,-6.386652,-5.638321,-5.0218544,-5.760702,-3.3530893,-5.152367,-6.3131313,-3.305919,-6.3074546,-0.74643856,-4.1865883,-3.0701668,-1.074562,-6.0775185,-1.1978898,-3.1666925,-3.04107,-1.5130663,-3.3167334,0.026169145,-1.4374056,-3.3280869,-1.7392079,-3.9408834,-1.7039287,0.25735885,cats
0,-195.89813,125.26677,-94.029884,-9.743135,-30.73558,14.791682,-29.216642,17.696728,-2.2088058,-3.4668121,1.7468842,-10.240409,-3.868651,-14.457246,11.340584,2.1099584,9.3012,-0.37566635,0.28448704,-3.718336,-4.0810475,1.3341774,-1.7871017,3.0187068,-6.436423,-1.5681982,-6.802234,-2.0911615,-3.5627482,3.4084501,10.7831,13.534991,14.094833,3.7849693,2.1681557,-4.2946844,2.937263,2.547196,3.8837593,-1.3831954,cats
0,-425.41397,-1.6445024,-31.060621,1.9905359,-11.908111,29.905096,-10.436066,24.154547,-17.716602,1.5977378,7.2062345,5.738045,6.04528,-13.574279,10.131208,-6.3982787,5.752846,-1.0791433,5.8050284,-0.8514459,-2.3058407,5.0246606,0.6819592,7.6270676,0.7339236,5.7394266,0.8024126,3.648883,0.87073743,3.6877909,-0.8824717,-2.5899959,1.4344032,-1.4002514,1.9770293,-2.4188993,1.870855,-0.94323266,0.17032932,-0.7320249,cats
0,-298.52377,113.28149,-5.210228,3.464633,-7.556598,10.054186,6.1559834,13.197221,0.17177041,-2.9804544,3.809843,7.717262,7.67418,2.7941842,6.452282,-5.061484,-2.0301445,-1.1318668,2.2752066,0.948279,-5.6127505,0.11852806,5.4040103,8.608024,5.0969443,6.343314,3.773409,1.4034382,-0.4873069,0.46930495,2.9394934,0.2086214,-0.92324847,-0.52626747,1.8984637,0.5012708,2.4128547,0.9810244,-1.4351922,-0.8490527,cats
0,-213.63918,118.41909,-67.53589,39.0257,-34.706097,33.40334,-23.485472,12.904108,-1.821253,5.9379807,4.9867234,-5.38813,13.223153,-8.732916,6.6864104,-4.181205,13.5309725,4.6846786,10.047902,8.4856,6.069287,11.137806,3.262421,8.15368,-0.5868896,5.046712,2.1604915,7.7872744,1.8768265,3.3523004,1.2524546,0.33772305,3.6894686,0.53846735,6.302648,2.4161704,11.303208,8.994574,11.264547,6.1596365,cats
0,-292.9289,101.232796,-30.154308,32.092064,-6.6671443,30.45247,-9.3401785,19.816458,7.1815434,13.073909,14.059613,9.44805,18.802345,0.59391063,10.562989,-0.29398316,13.704564,2.0193553,0.36337718,5.0555587,7.9548264,9.236677,2.2876716,6.337539,-0.8237698,7.3724384,-0.9589619,6.844202,8.038851,3.5161228,3.044183,-0.48808825,5.6304173,0.0030351605,1.3392981,-4.1591835,-1.4846112,-5.5998626,-3.845772,4.123381,cats
0,-311.80014,129.64035,-7.7350745,5.54767,-1.0701995,8.77526,1.7925359,-12.171799,-1.1362433,-10.546209,-8.93519,3.2253888,3.6032426,13.865526,19.313997,11.285914,4.3545027,-3.7412708,1.0987065,8.152532,4.945992,4.351267,0.08593644,3.8208978,10.274582,5.094804,6.462239,11.066748,9.311902,3.9041836,-3.098263,-0.8266141,4.346651,-0.8574783,-2.3297982,-0.38481456,-2.789156,1.2485418,7.0410533,8.665832,cats
0,-283.79974,133.66621,-27.044437,-4.4861403,-3.2309234,-6.786229,-12.204247,-3.2596037,-4.965205,0.70706266,-13.624246,-15.416568,-4.480964,-23.2192,-4.8828616,9.128971,9.213499,10.1216345,1.0071692,-4.4531784,-10.570882,-8.4072485,-3.4966207,-3.3838391,-7.4706893,-9.482271,-5.191481,-3.9605234,-5.462154,-7.152582,-3.9611766,6.0165043,7.547583,4.5557227,1.2418313,-0.28576177,-3.4451356,-8.954229,-3.5696106,-1.0957762,cats
0,-338.8186,140.48723,41.145554,31.569563,24.102549,34.936043,16.491636,11.211204,1.8690602,1.2011087,5.796315,5.1102796,2.6595612,5.5643854,14.762166,2.8492057,7.907627,5.9914656,1.920448,3.4008589,-3.5124886,3.13604,1.5663548,-0.43559083,2.1661515,0.5660277,0.3360509,1.5518953,0.9918225,-0.115904965,1.5731496,0.3205464,-1.0503917,0.7395807,-0.68485624,-1.436905,0.084249936,-0.2594601,0.48736247,-1.152825,cats
0,-177.62697,123.07778,-53.778538,53.864056,-17.608047,42.519882,-21.850672,25.058733,5.447805,-1.5595664,-0.81605214,1.59903,17.765663,2.113503,23.442957,-3.6059759,8.539012,0.9603721,7.6855946,-1.0219958,-7.177274,1.3407918,-2.3501875,7.9747214,-7.174103,2.7574282,2.3112714,1.2351838,-2.28058,0.29205355,3.950851,1.7970086,-1.2819731,-1.3107972,3.9470453,-3.7174387,3.599173,1.9702303,2.5014484,0.7033467,cats
0,-219.54436,143.69582,-104.36555,-4.605366,-11.409472,-28.512684,-2.9522808,7.7222466,-0.6710886,18.117458,19.645542,11.762965,0.91329086,14.78889,13.772523,-9.677548,8.725009,4.321973,11.478814,5.478009,5.009111,5.4067364,-7.3782067,4.73164,-3.1185086,-4.175329,-4.896661,-4.6368713,-4.298432,-0.7689384,-1.9569683,-3.2673013,8.9979105,4.2562747,4.0910664,3.5426567,3.7741835,3.0980933,0.15667203,0.42410988,cats
0,-311.01407,87.79567,-29.423727,67.81305,-37.831894,51.623737,-11.589742,25.900377,-7.325055,4.8830266,15.203227,2.2206511,13.213055,-6.0767207,14.154314,-5.722294,13.377088,2.9006457,5.6717386,-5.5602736,2.7405155,13.051255,2.8919103,6.001028,-5.79145,10.051651,-4.1927032,-1.7612858,3.5793302,5.1751647,-4.695571,-0.84105086,9.835239,-1.3586437,2.3948114,0.8920041,0.6544039,-2.3392727,8.140104,-4.317112,cats
0,-315.44226,127.57332,-15.823193,29.784994,-1.5668598,9.42567,-5.925157,2.0438695,-1.0287217,-2.4981332,1.4575807,-2.12828,1.2916355,-8.028998,-1.2298466,-3.007251,-0.19701588,-3.6868565,-1.7572644,1.2997416,-2.7512968,-0.9285659,-2.2071307,1.2133371,-2.2465825,2.3061132,3.3041508,1.0087701,2.2910652,1.990543,-0.8841568,-3.1478565,1.6551795,-0.9130417,0.30221674,0.5709558,-1.0570737,-0.4610178,-1.5320755,-1.9562591,cats
0,-250.7218,116.586525,-25.82289,58.503677,-28.546589,34.66224,-9.710447,11.964122,-0.5316933,-0.9883026,-1.0136737,-5.271931,7.4597683,-5.2328196,9.984209,-7.3142867,3.3071816,-3.665483,3.6233277,-3.0048015,-4.7702904,2.6561358,-4.901591,2.3666973,-6.5525155,0.58173716,-4.4625325,1.1377945,-0.8963747,0.22937915,0.5457279,-3.2851136,0.8152767,-3.9550507,1.2418077,-3.454645,0.5352421,-2.8633218,-0.86703306,-1.3063284,cats
0,-111.05269,206.4873,-29.905125,43.58281,-10.566302,19.359558,-7.9897976,3.7339363,4.9741926,-0.29238117,3.4956162,-4.9398217,-1.0444973,-6.4244576,-1.8834803,-13.866058,-2.3257546,0.38177565,6.3891478,5.3662148,-1.0016395,-0.5867228,-4.5295734,-1.0974723,-5.477715,0.9254513,-3.8291388,-1.3194735,-2.7828298,-2.5501845,1.3674259,-3.7164135,-1.8140869,-4.030942,0.39698336,-4.276175,-2.535273,-2.7755582,-4.933092,-0.52268714,cats
0,-191.73872,140.705,-7.4814186,51.480614,-2.3880844,32.483982,-7.4253116,25.330301,1.2290863,9.224663,9.4529505,4.4363513,17.332743,-2.2490604,9.430751,-0.9921626,10.793625,-1.3684654,4.5786605,2.1162581,2.5408616,7.7092876,-3.0576675,3.6541402,1.2372262,6.8227525,-3.6732411,2.7924883,0.93360984,-1.4964963,0.06993798,2.1568394,4.80281,-2.921534,3.6493227,-2.0160763,1.4945289,1.7505431,1.0781687,-0.6236351,cats
0,-446.7557,147.14734,-16.768398,35.634495,-21.382141,23.308321,-12.828076,13.109802,-3.6447606,0.55392253,-0.1561994,-4.704567,5.0122833,-8.445911,8.579658,-6.239416,4.638402,-3.0724325,1.1839817,-0.65811336,-3.0375743,0.27118722,-5.7962513,1.6600201,-7.2780404,0.517121,-4.845883,-2.1926231,-3.9904273,-1.8427386,-1.7697111,-7.008751,-0.8308128,-5.4382267,-1.1428652,-5.035383,-1.8359514,-4.7452993,-2.4330864,-2.2419417,cats
0,-330.98706,68.08795,12.564049,29.248985,9.719309,23.051125,9.314544,19.112762,5.448983,4.891328,9.469543,5.4982247,7.997599,9.030842,14.399142,7.5223355,12.372106,5.6742864,4.529037,3.6977992,1.7300285,4.616665,2.6175144,3.6496046,2.049542,4.243691,1.7875313,2.8254728,2.9044645,2.8159826,2.5982323,1.9775761,2.7094035,2.1437185,2.8514125,0.95184153,2.2475326,1.0139391,1.6073464,1.4260355,cats
0,-293.61957,116.504425,-11.952751,39.11831,-1.4408928,22.110155,-1.7620152,9.4845295,6.2545114,7.5504622,7.056784,2.887874,8.647603,-4.2434783,5.9378166,2.0433774,6.912363,-0.56451094,1.8028754,6.8779054,4.8371544,3.1179733,-2.6919076,6.7990613,1.3271899,2.0639734,2.0860481,2.4611304,-0.55047905,1.3183925,4.7659197,-1.883773,1.0337243,-0.85738796,0.46141383,-0.08518848,0.4262377,-1.7992444,-0.25505015,1.0393031,cats
0,-290.87396,57.694115,-47.316093,11.102782,-25.80903,2.044731,-8.868879,-2.3560007,-4.613946,-2.7472007,-0.039221145,-3.2561135,-2.7715056,-6.0296884,-0.53946364,-6.4452405,1.4732839,-3.7440166,1.216488,0.035066348,-3.3637216,-1.583302,-4.0652494,1.583263,-0.14020842,2.197331,-2.5105133,-1.0861131,-2.1831112,-1.0074514,-0.018085232,-2.845687,-1.0436383,-2.5239532,1.606313,-0.5115726,0.5756023,1.2060868,-0.35376734,-1.1710056,cats
0,-284.5647,57.652893,-48.969296,10.936529,-25.95766,2.5396998,-9.9354515,-1.6227691,-3.517078,-3.3529723,-1.0603149,-3.958276,-1.993659,-5.472811,-0.9117448,-6.153507,1.865669,-3.8636715,1.4901918,-0.34817374,-3.5056396,-1.3871177,-3.9455752,2.2296557,0.14337587,2.5487933,-2.2909625,-1.135871,-2.3644388,-0.8358264,0.28727376,-2.9896288,-1.0389783,-2.4285233,1.6701148,-0.007506454,1.6612009,1.8065729,0.1853991,-0.5768769,cats
0,-336.59872,109.516716,-17.789322,45.661655,10.720231,29.277206,13.385819,14.353656,5.206612,9.834406,2.908071,-1.5660111,3.4737709,1.2776724,15.497887,10.721709,17.298513,10.302296,7.5292454,-0.052071333,4.1402383,9.7927065,3.94695,3.1692955,-4.8845,5.448884,3.3207362,3.0826101,0.71280473,5.421762,13.5338955,6.5064797,3.297127,0.57279503,5.7295556,1.701973,1.1388605,4.4993224,3.791065,-1.815734,cats
0,-442.20367,136.67555,-13.110454,33.559155,-17.584126,23.956566,-7.2818675,9.074771,-8.281963,-5.6519537,-4.5808067,-6.8909874,7.1930265,-2.4908433,13.002816,-1.3257728,2.7291398,-2.3545241,0.8880666,-3.6792605,-7.813952,-3.1233943,-6.855291,-0.81891304,-8.302422,-1.781948,-5.1679263,-2.641867,-3.813648,-1.5681037,-1.0409483,-6.432568,-1.335724,-4.6882296,-0.42813203,-4.6370497,-2.9654517,-4.648834,-3.2072694,-1.4549237,cats
0,-437.2459,146.21535,-5.5747523,47.931293,-20.908901,30.40346,-11.906832,15.882138,-6.9466968,0.5658513,0.12408072,-3.1815166,8.108435,-8.640193,12.139803,-4.2212887,7.7796397,-2.3014526,1.6640979,-0.66944546,-5.0842857,-0.3892058,-5.138705,0.25185576,-7.309373,1.4874628,-4.438024,1.688235,-2.3458288,-0.8302049,-0.7072437,-3.4532282,0.76364934,-5.904941,0.08255179,-5.606447,-1.2890679,-4.623568,-2.4887278,-2.1620643,cats
0,-335.28958,83.69499,-11.964599,43.13472,5.1287622,26.448174,11.428732,21.053307,6.0221896,10.123649,12.692327,4.0048513,11.458892,1.6502554,9.254845,2.4758477,8.830411,4.471776,3.6659458,4.635772,1.0850327,6.0367117,2.555679,5.462721,3.3754694,5.2599077,1.0516558,2.9351106,2.2324247,0.47288588,4.287067,3.2708628,4.4313116,1.4368526,4.371403,1.3873854,1.39962,2.7031898,2.5851014,2.08507,cats
0,-252.22173,87.45249,10.46099,60.92193,-25.874107,48.90708,1.9159962,23.802982,6.4388237,2.5929723,15.862654,4.861698,14.977175,3.6434693,7.1421504,-5.433858,9.3843155,2.6548684,10.059954,3.8793056,-3.887893,3.5239406,5.6162634,11.694603,-0.0934232,5.816471,0.3044924,0.7972149,-3.297867,4.505106,4.984299,-1.4345056,2.4508445,1.123298,6.3231235,-2.9430144,5.6218185,-0.87488145,-3.0379975,3.0296156,cats
0,-168.52083,92.82373,-71.19476,43.167877,-49.032944,27.156631,-30.353508,21.769732,-15.957021,4.7064095,-4.034965,-4.605454,7.0125155,-19.02673,2.86643,-15.724561,7.771355,-6.524407,10.382689,-2.1240819,3.878979,2.4537957,-5.8920174,6.0643463,-3.280879,6.088009,-8.336816,2.185511,-6.155253,3.5782156,-3.1070132,-4.87003,1.2472862,-2.4204702,4.6005816,-3.0235,4.1667356,-3.8727624,2.0070841,-3.476516,cats
0,-392.86444,73.69896,40.5435,38.703297,25.955359,20.97987,13.379936,13.268501,12.374033,9.144062,11.980592,16.381311,18.132095,14.260301,10.63938,6.6280794,5.718547,5.102545,3.8647408,3.0779078,2.6579711,4.929694,6.124273,5.445948,4.2735577,4.2345047,3.5568488,1.7077281,1.649541,3.3499122,2.2547433,1.0252619,2.9834206,3.383768,2.638842,2.8426218,2.429029,0.8020853,2.0001886,2.9221215,cats
0,-301.35086,105.72803,-15.873585,50.62386,-1.6661209,25.555058,-4.134193,11.109911,7.1448865,11.883746,11.692311,3.433222,5.435631,-7.0924716,8.286343,1.2632978,6.041806,-5.4537964,0.99514055,10.110629,3.8379197,0.21127027,-3.8275533,6.0301805,-0.6592136,3.561422,1.317242,0.19798388,-0.19326092,1.5886197,3.0284631,-1.7446247,4.1776757,1.691414,1.326985,-0.40127292,0.9840289,0.32378337,1.0231586,0.39180508,cats
0,-317.26492,134.06366,-60.775288,8.433113,-1.6318294,0.9461488,6.3939385,12.630363,-3.9096553,-1.1657064,-8.025506,-9.727774,12.041794,13.31613,20.939718,13.137429,12.095879,5.1913333,-6.3629723,-9.385799,-2.3213239,8.710428,-1.7563143,-12.424625,-4.585654,6.092279,-1.6235087,-3.439428,3.641274,8.362792,4.565952,3.5757155,11.011315,12.261349,9.00399,-0.5539204,-2.9297879,-2.1598797,-1.4299984,1.3749137,cats
0,-294.30386,120.61002,-85.51193,-42.72117,-7.298239,-18.10301,1.0380278,-8.115476,-4.5408835,14.05061,-5.187621,-3.3929598,15.710207,4.005754,0.31622913,8.888239,3.827693,-1.5247543,-3.4865568,-6.87305,-7.3333473,-5.1854897,-1.9556764,-2.384874,-5.165804,-0.72838145,2.442398,-3.5043066,-3.3198829,5.379276,2.2238405,-6.0542574,-1.8418342,-3.8003707,-9.558401,0.49170983,2.3522313,-8.555912,-6.6710043,-1.4609002,cats
0,-302.37543,100.0608,-12.691815,48.642082,1.3347989,19.654129,-1.4163775,8.391722,6.7722516,12.696569,9.196807,1.8611345,3.1726103,-6.005227,9.484768,2.8387737,4.4816103,-4.976183,4.80183,10.48004,-0.99120736,-0.8849094,-0.12952344,5.714855,-1.9784552,5.11397,2.3929152,-1.3555511,1.5217764,1.8192868,-0.70589846,-1.5631627,5.7050457,0.26128826,1.678795,-0.75961155,-0.66649926,2.913761,0.06498844,-1.5322379,cats
0,-308.84552,91.14218,-18.75718,31.148008,-13.477498,30.062021,-7.330038,8.534699,1.3352722,3.4042587,3.4497328,-2.1597495,3.7993352,-5.751597,2.8077111,-6.422034,3.2211375,-2.7720108,4.5240192,3.1504593,1.0396041,1.072688,-5.5066867,1.4539955,-4.4696817,-2.373161,-6.7537546,-2.581338,-2.2968576,-1.3863984,-2.4011226,-3.6869342,-2.0273948,-5.073452,-0.92316663,-3.4848466,0.20683849,-0.6648793,1.6983864,1.4325199,cats
0,-200.6551,106.60671,-28.693453,35.66341,-12.562058,31.409641,-15.695004,19.792456,-2.3472335,19.270908,11.692598,4.205552,3.28175,-20.984074,7.5823708,-1.2891382,9.801537,-10.255187,3.7501068,7.0305705,3.8770595,-5.1222086,-11.527644,3.9122632,-6.8879933,3.9323916,0.24984205,8.605219,-1.4745605,3.5326803,5.302271,-4.3537416,-2.416021,-5.4480476,2.814794,-6.7751946,-0.17344089,-1.9752852,1.5789068,0.49137056,cats
0,-437.45215,142.8206,-21.160406,38.468548,-23.439213,28.392426,-10.161507,12.12329,-6.888795,-3.4691184,-4.4225616,-6.5116634,7.351006,-4.3796916,14.28908,-4.7200723,4.2291245,-2.8684125,0.9909566,-3.4252782,-6.743363,-0.34441817,-5.94595,0.77687675,-8.258334,-0.751028,-6.477689,-3.6074686,-4.734281,-1.872085,-2.1336646,-6.9080763,0.0047937,-4.6121135,-0.06148603,-4.7672515,-2.4109082,-5.278827,-2.455778,-1.6822269,cats
0,-282.36142,98.9796,-41.485054,46.852833,-9.987567,46.21558,8.903964,22.120214,1.2593013,-15.702651,-5.1637297,22.677412,27.524015,-10.360709,-0.011885036,0.67457545,5.178453,-6.551538,24.263199,10.35647,-18.433945,7.623607,4.882428,4.3229656,13.132557,2.780842,-7.9229984,9.6961355,-6.6894674,6.0403056,11.961095,-11.760636,1.1049778,-2.435852,2.481725,2.1004925,2.8328516,3.6515503,-6.293643,-1.0214441,cats
0,-392.0073,88.833244,14.322955,34.813034,8.499965,31.826712,13.764556,23.308401,2.335649,3.3779604,12.851583,5.903999,10.220676,7.49205,17.845436,7.712795,11.386207,7.663533,4.3635035,4.477975,-0.89373475,1.4839252,1.0695622,3.528969,1.3621643,3.3810844,-0.30923146,1.0549423,1.9277065,1.115039,2.0802424,0.57647634,1.7109228,0.50344974,2.4302542,0.054278515,1.5148603,0.6419371,0.36584923,1.3532948,cats
0,-281.289,96.010956,-10.762138,37.811592,-5.342873,18.706984,0.8055876,13.020908,1.9612705,3.9102006,6.6810513,1.9151925,6.5819435,-1.6335217,8.391927,2.6194346,10.765868,6.5024724,7.3613906,4.140791,1.1566404,4.151083,0.25822127,4.8158536,-1.1884294,1.2432958,-1.5290229,1.2949362,0.09933206,0.8429798,1.3941491,-1.6137551,4.341522,0.2794447,1.9220788,-0.20062274,1.4912572,0.7932729,-1.6599817,-0.09617175,cats
0,-306.64722,106.18669,-14.051494,39.915024,-9.602514,21.669445,-0.5732915,13.2592325,-1.1421132,2.0819468,5.041922,0.530283,7.276843,-3.1233718,8.344649,1.5717391,11.112869,5.4958405,7.138295,3.9176953,1.0277433,3.469939,-1.4643327,4.378832,-3.0899775,-0.020732356,-3.146178,0.5881226,-0.7298455,0.47208327,1.3868989,-2.4097228,3.8039958,-0.9615399,1.0992104,-0.9865529,1.6787381,0.85279936,-2.24954,-1.3414264,cats
0,-442.26538,145.94618,-3.2063324,46.343452,-20.60605,30.971275,-10.362917,16.289015,-6.191129,1.6749932,-0.7646501,-3.9151201,7.0796547,-9.861459,11.989792,-2.7759476,8.902445,-2.3754652,0.86741525,-1.8155943,-5.973707,-2.0034463,-5.986489,-0.031874295,-7.7199154,1.9403542,-3.9797995,2.1998546,-2.3553603,-0.8105664,-0.3444631,-3.243731,1.7381022,-5.559779,0.2314621,-5.340099,-1.8667561,-4.7829,-2.5801013,-2.2196245,cats
0,-269.5244,102.50806,-22.593359,43.785572,-8.984057,31.561169,-8.020861,18.206617,-5.989189,5.681869,-0.2635092,-4.6890254,13.122365,9.222095,22.299282,-2.2855437,1.3204154,-11.319685,5.3002167,6.4504848,1.4023492,-4.4531937,-10.033986,4.285812,2.7558851,7.7018185,-1.0746648,13.186823,6.497762,-0.786091,-4.0678105,0.12377574,5.5240912,-4.140796,2.688159,-3.0757208,-0.51839924,-0.7776983,7.6169567,4.9547186,cats
0,-344.35608,71.84768,19.82098,31.290287,13.394909,25.602867,15.576801,20.485619,4.802669,4.3174105,12.467226,8.61957,8.984978,10.3132,14.682,6.9618235,11.0309725,6.1418023,3.9145427,4.7719855,1.7899016,3.7114167,2.9357574,3.0823271,2.2408812,3.6806662,1.3953719,2.5367475,2.8081574,2.143963,2.024296,1.6174173,2.291905,2.0146368,2.0381942,0.42309883,2.1546407,1.1025915,1.4249344,1.6063421,cats
0,-289.4351,59.504322,-47.833065,11.816363,-24.663666,-0.63060105,-8.217972,-2.9765015,-4.88925,-2.5503864,0.21953693,-3.6339412,-3.69499,-5.0514507,-1.2405562,-6.1204743,1.9461738,-4.036385,1.3807195,-0.30061793,-3.3824248,-1.5600984,-3.8928044,1.582419,0.049375758,2.088918,-2.7347605,-1.4308447,-3.2309551,-1.7544392,-0.72263134,-3.5498166,-1.3263788,-2.6523917,1.7049469,0.33960113,1.585959,2.1808944,0.54735446,-0.6410965,cats
0,-294.09454,141.31726,-120.38006,-37.174706,11.540611,-21.218498,2.5061634,-1.1417294,-9.872517,8.126425,-1.3610616,-6.160732,4.1702595,0.15774293,1.1295112,4.46488,-0.5459216,-4.4872985,-8.006188,-10.030262,-6.515184,-2.0142307,-4.524704,-6.474772,-2.415427,-2.911344,-3.926618,-0.61657125,-2.596958,-3.208316,0.14676133,-3.3237014,-2.6427162,-0.6574807,-3.3773131,1.0022036,-0.94026953,-4.0458755,1.2621214,-1.7782068,cats
0,-401.7948,144.19547,-25.259367,45.35075,-21.369999,27.904623,-9.5896225,11.221106,-7.6136546,-2.4481366,-3.4640608,-3.9592474,8.015618,-6.1075244,17.27492,-0.55352986,6.875023,-1.0709289,0.018705918,-1.2689838,-6.1829205,-2.92022,-5.904913,-1.8808722,-7.0341334,1.2806182,-4.313559,2.20286,-1.6196454,-0.9594714,-2.094212,-4.467797,-1.6248049,-6.2406087,0.71547294,-5.7235136,-1.2863631,-5.143587,-2.6729562,-1.6605375,cats
0,-330.84207,144.0509,-30.1926,29.216825,-13.28289,27.509945,-10.257945,19.855862,-0.7983869,3.7951026,2.5333009,-4.380331,5.872513,-7.6988525,7.277494,-5.397637,7.4578323,-2.5011318,1.829896,1.7109056,-0.21959525,3.0031374,-1.9425743,4.598468,-2.4814,5.8085732,-0.67148376,4.00778,2.1201952,1.4289068,1.7675202,-1.0751623,1.9917134,-3.0813105,1.7916939,-2.5269542,1.3012593,-1.5077052,0.008212946,0.43429178,cats
0,-246.23244,63.5669,-96.69571,19.005348,-47.199234,-4.761832,-27.983706,-12.944706,-22.629087,13.540791,4.1993885,23.72702,9.113689,-0.48174137,0.9591415,-22.94509,11.233122,-19.930819,4.8775377,-12.73029,1.3349112,9.693071,-5.7394056,7.51049,-7.4130087,6.889427,-9.564542,2.160477,-1.6159173,-0.45694557,-0.87063396,-3.815446,3.6217842,-2.3814032,1.7925069,-3.3062513,-0.42930105,-3.4431422,1.605083,-3.8682687,cats
0,-355.32303,87.23024,-0.9487059,53.11684,-6.3805866,29.495995,1.5071306,13.650701,4.8236184,-0.036460184,8.793215,5.296739,5.2832255,-7.093495,9.334932,0.6771736,2.0254056,5.1479397,6.3931427,3.646353,2.6102543,3.0225255,-0.25333828,2.1113186,-1.8636072,4.4111757,-0.7192532,2.0012496,1.9739608,0.85919076,1.5936279,0.24610202,1.4329547,-1.7756455,2.4788284,-3.1383276,0.84448606,0.5946286,-1.6964186,1.5293896,cats
0,-235.77519,137.75235,-42.56507,19.384058,-10.749473,25.739141,0.58420044,6.9542594,3.4210086,3.224239,1.8156539,-3.1125705,3.8809364,-5.013743,7.8644624,2.2752342,7.955131,0.82644224,1.4158981,3.5642185,1.207004,4.885583,-1.3998405,3.2431128,0.47682884,2.4863188,0.0039404863,2.8563797,2.6640267,2.6177819,2.7949498,-1.1378016,3.2438786,0.56822574,2.3308775,-1.2253598,-0.36435524,-0.17763975,-0.7297213,-1.1578376,cats
0,-346.90402,75.8646,-41.868797,-38.494255,10.780597,19.345133,-6.4745965,5.632173,15.9021015,7.139296,-9.331007,-15.653721,-4.62002,-1.8372935,9.654768,11.040663,1.6839494,-5.913975,-15.913429,-6.386429,7.8073673,4.6022515,-7.2408223,-10.785289,-3.2564425,-0.40812698,-5.5524845,-4.477934,6.7454567,8.946816,-3.650022,-7.293629,-0.4140599,-1.574236,-6.7703586,-4.4689155,-1.9083164,-6.705031,-8.761736,-3.8629148,cats
0,-258.0392,92.3329,-64.658646,26.663914,-18.5166,26.627228,-20.081835,9.614967,-12.840093,-2.4291956,-0.8803293,-6.133737,13.498975,-4.3083153,1.0173507,-12.599196,-6.19905,-9.738327,3.627659,-9.143505,-8.912689,-6.713412,-3.75324,5.5118093,-9.764926,3.6684103,-6.0336742,-2.6102195,-10.038038,-4.111654,2.9878888,-8.7225,-3.974369,-3.8726902,2.374662,-0.53876805,3.2473943,-1.0945668,-2.155987,-0.5981018,cats
0,-318.7811,136.21109,0.029462272,52.092926,-10.553563,34.08326,-12.926126,14.960486,-5.2471356,2.4257586,5.341127,-0.020530598,10.34824,-4.911465,9.8244,-6.9251065,3.5189693,-5.6775117,-0.08635795,-1.8049359,0.92063224,7.302292,0.27857178,7.823477,0.7376781,8.8117695,1.1237121,5.58409,2.1950655,1.0229967,0.6982139,-2.1307433,2.861078,-1.7562343,3.219964,-2.0727859,2.0004358,-0.9795052,0.014447771,-1.1429691,cats
0,-216.7449,61.045433,-116.3293,18.013477,-53.84209,-4.1281385,-25.424725,-2.54355,-10.894883,20.896748,15.200824,10.761515,-6.0987964,-18.950863,-6.496418,-12.555017,8.731969,-22.418488,7.1692305,4.215024,13.874884,1.9814507,-9.76425,8.658969,-11.407181,6.301992,-3.0180807,5.9482665,-5.0882406,-1.2401059,2.9246402,-8.16913,-1.5913655,-4.228799,1.4235268,-3.5531502,3.379528,-1.7406527,2.2970316,-2.0139346,cats
0,-336.71008,150.53857,-3.902952,16.24391,3.7806156,24.896505,4.299856,11.088694,3.5579975,3.453175,1.7255049,-2.8415918,2.747065,-0.04192088,5.4910455,-1.134214,5.5804424,0.45188057,2.563662,1.793301,-0.082823545,3.0814395,-0.27603963,3.3952527,-0.653798,3.1669717,0.8935942,2.006063,2.1873682,2.736476,3.2873516,0.06806416,2.9136894,-0.08303039,1.6481115,-0.12195729,0.8621182,-0.04620165,-0.50311863,0.6595531,cats
0,-353.28226,52.973663,-50.687714,-8.510394,27.32141,9.858482,-0.4122495,15.985628,3.63988,-9.436313,-6.841503,-3.6061087,2.2037137,5.5806184,8.908188,-1.7089497,-6.5621243,-7.335974,-11.135147,-3.2472198,2.0251963,0.10573901,-5.320732,-7.492511,-2.5147724,1.0020661,-2.9168067,-4.8036747,6.411284,10.0148325,-3.987468,-9.986915,-3.9128082,-1.7558663,-5.598703,-3.2647848,-1.5210346,-9.113434,-8.42757,-2.8356934,cats
0,-221.29721,132.33197,-47.224445,16.796602,-9.679675,24.35444,-1.4607607,8.243792,8.926801,3.131099,3.4040143,-1.0968877,3.934449,-3.6052926,5.262256,0.72663337,7.4857855,0.615722,0.6254721,3.7520554,0.4288975,3.1679943,0.8859555,4.2682743,2.1293373,5.0112367,0.05358683,1.2566494,0.44643372,0.6411951,2.0350409,-0.93611574,2.8674412,-0.31830543,0.8891716,-0.36713627,0.3022825,-1.421738,-1.7909322,-1.7100443,cats
0,-254.73656,96.70863,-55.521164,20.298096,-14.868568,24.532227,-17.002794,6.5194464,-13.034807,-4.332568,-3.6931918,-10.110267,8.130497,-5.8422084,2.5017347,-8.585362,-3.3164608,-9.308437,-3.027673,-10.163672,-6.921978,-4.8403945,-7.3439794,1.258698,-7.390748,3.4434948,-5.792199,-1.2628161,-5.3369913,-4.412292,-0.26749566,-6.9501424,0.066065714,-2.9102497,0.8173906,-1.5681567,-0.11117917,-1.296867,-0.5595851,-1.9205965,cats
0,-324.46515,126.77692,7.4669185,52.580345,-6.268824,33.84338,-8.907766,15.547284,-2.8785417,3.880211,5.707949,0.4883072,9.373696,-5.716975,6.5776587,-8.00244,3.927016,-4.1917615,0.06264544,-2.023365,0.590039,7.760623,1.3822172,8.257308,1.1742216,8.34292,0.568852,3.2484336,0.65773237,0.6184781,1.0794617,-2.0687177,2.7932734,-1.0025953,3.964594,-0.5587358,2.6183336,-0.68564194,-0.6103147,-1.8681624,cats
0,-342.79898,95.096535,-37.711044,-52.63527,-3.1219668,20.103834,-8.158156,-3.3414583,18.973415,20.659868,-3.8614335,-19.50505,-5.1434875,-5.9591284,-1.0458428,6.9001846,3.6465638,3.2284143,-6.1241393,-9.77611,-0.84408706,3.9507194,0.19392087,-6.0191245,-6.528506,-4.757438,-5.1986785,-3.6515868,-1.0418423,1.7735859,1.0818698,-2.4877455,-0.39282563,-0.94700587,-5.6019077,-5.2593007,-3.2883065,-3.7691746,-5.7108846,-5.2281017,cats
0,-314.1894,123.35963,-2.763832,-15.075743,-14.292665,7.735265,-12.297836,-1.7157922,-23.612835,-27.166653,-8.321648,-5.5067854,-1.2040685,9.163049,14.241428,-1.0640697,1.5234575,-6.487337,0.32330614,-0.35112336,-3.978888,0.67461556,-4.9406853,5.645137,2.3476155,1.9496319,3.440113,3.6795359,0.08254398,-4.3305535,-0.19444393,-0.6377554,0.44481352,-1.8652178,0.5687762,-1.0982714,-1.8342991,0.8058566,0.97359264,2.3181386,cats
0,-380.6042,85.9809,-13.41855,20.675581,-4.5189676,22.044516,-1.569075,16.832193,10.964972,9.767093,4.8389664,2.5142238,7.9707637,2.4707143,12.289104,2.7607281,6.632564,0.627465,6.197998,5.649586,1.1996665,3.6897552,3.4340935,5.293607,1.781566,6.400596,1.1042483,3.4286833,2.05236,1.0929648,0.9215991,1.1714685,3.6371253,0.24072519,2.6103215,0.4683004,1.2971648,0.08082728,0.776562,0.6939958,cats
0,-332.4216,127.56901,-13.465112,23.871,0.47902465,4.9963565,-3.2981703,0.50912696,-2.0065324,-3.6583142,1.7350789,-0.21891142,2.3425815,-4.6189165,-0.38872993,-1.1579763,-0.24655856,-1.5065315,-1.4733429,0.3512929,-2.2137053,-0.6144638,-0.6400428,0.7351335,-2.0873067,1.2284119,3.041644,1.0662471,2.0358071,1.9258366,-0.58557296,-2.7463393,-0.1468808,-1.188687,0.08276581,0.2838379,-0.889984,0.3183622,-0.77048886,-1.2925683,cats
0,-377.09875,116.717575,-43.13939,34.478264,-17.839697,27.527897,-12.638577,16.727379,-0.6746413,8.195249,2.8510058,-0.5371986,9.910733,-1.9944375,14.166471,-2.9515243,8.709289,-2.3422415,6.414079,2.6682785,-1.3190483,2.662731,1.5609169,7.1715508,-1.5671837,7.741131,-0.8765762,4.26435,0.69397134,-0.22843109,-0.22232158,0.7137786,3.880483,-2.1114154,3.4476693,-1.2641739,2.6299524,-0.9023985,0.20965582,-0.14762533,cats
0,-144.51976,74.53509,-127.773026,17.989708,-69.61449,-0.11667446,-24.296917,14.742309,-6.212128,25.476845,11.393597,5.565658,-6.362834,-18.931433,2.087521,-14.878023,4.6198726,-15.044616,17.618805,0.81669706,5.0557404,-4.321258,-6.97686,5.1288753,-9.8803425,6.614918,-7.4233456,8.614575,-7.6888423,2.9660428,-3.1943636,-4.9125648,2.2291265,-8.559827,5.061338,-5.8848486,6.3875837,-0.59743834,1.3302771,-0.0037831194,cats
0,-181.94652,123.496346,-41.05582,38.70994,-27.998032,21.086477,-16.800682,15.201246,-7.357575,1.9937437,-1.0567359,-4.7620034,4.404326,-9.959684,6.3791676,-9.653764,4.813209,-9.535427,-1.9023743,-4.614232,-2.6000023,0.022385655,-7.10736,1.7447665,-5.9387417,3.1775572,-4.7448583,1.4628199,-3.2064505,-1.6368575,-0.44787782,-2.073396,0.3594147,-4.5273104,0.40560234,-5.314228,0.3037723,-3.0542111,-0.674726,-2.92726,cats
0,-340.18127,149.72917,-23.715588,28.462414,-9.72626,28.490202,-4.542645,16.935162,-0.31341726,3.9466612,1.0784518,-3.1786273,5.1081085,-5.5963326,7.5136595,-4.681226,7.036578,-2.0243094,3.3706563,1.8993496,0.2973617,3.2784622,-1.3645959,4.226505,-2.8825788,5.4501576,-0.43153983,4.203262,2.3136287,2.6478794,2.991532,-0.38811827,2.8191135,-2.281653,2.1922395,-2.1284008,1.1244594,-1.5490375,-0.050523024,0.4396805,cats
0,-248.18898,105.88568,-29.406647,41.08353,-16.08013,17.251366,-2.1719863,5.3951807,0.15778093,-7.5914116,7.378602,6.581483,28.058418,2.8594117,-15.114321,-14.2243185,-8.149517,5.5286117,3.978604,-13.658301,-7.2576027,15.284823,12.962001,2.671393,-3.9886463,6.8551707,-2.4387696,-13.014806,-0.3612997,1.0104513,-4.8254147,-5.7319694,4.7067585,6.112559,3.6514897,3.1934745,0.046954386,-1.8767816,-1.9762944,1.9756413,cats
0,-175.81093,145.83763,-2.9265263,52.59677,-9.399341,43.346428,-4.3867517,16.248484,-2.8137336,8.345789,9.972201,0.9756539,12.072555,-2.4068334,9.961689,-5.5848846,6.785244,-3.284383,4.149278,3.7622101,1.8075137,3.0010023,-3.955087,6.3206234,0.91905606,9.548545,2.7021205,7.2208242,2.5094457,2.1754582,4.2252626,-0.41429675,0.9930745,-4.0320334,0.6183164,-4.758672,-0.10369154,-2.2504122,0.1202987,-0.73644155,cats
0,-262.697,105.47742,-18.227251,15.856167,-26.14999,19.8096,-1.1695814,12.501503,-3.5148623,-1.7953922,3.335627,-0.7251811,5.8901153,-7.2865596,3.025669,-5.0256424,4.800426,1.2881551,3.9412475,3.185533,-0.35806018,1.62532,-5.757086,-0.14199792,-2.499744,6.0339193,3.364131,4.041673,1.8344,0.31619167,2.3095863,-1.3837698,1.7109911,-1.3996032,2.4990976,0.55134976,2.6803856,1.2111892,0.7989654,1.8578062,cats
0,-194.0005,104.65871,-94.42964,39.974594,-37.214844,14.569974,-23.381685,18.102097,-10.168627,-4.067508,0.27500516,-9.068845,6.4545236,-8.590636,9.752196,-4.3932204,5.8357406,-6.251725,2.9498405,-0.7764504,-2.9578419,1.4842521,-2.4262035,4.7563148,-0.42377004,6.7074037,-1.8338155,6.0251656,-1.1563703,0.6319747,-0.013288888,-1.4327497,1.7971936,-3.1525002,2.144825,-3.1007168,3.2972956,-1.6047653,1.9470224,-0.057881813,cats
0,-247.29524,95.73702,-64.06188,26.951864,-19.203289,28.386642,-21.58363,8.044678,-14.378291,-2.5669541,-2.8766806,-8.451521,13.798881,-3.9578946,0.07099947,-14.845669,-5.1749396,-9.015185,1.5323262,-12.25538,-10.6232395,-4.798456,-2.8650115,3.9493232,-9.6651325,4.511989,-6.4071026,-3.3655148,-9.153702,-2.435432,2.0154178,-8.801612,-1.5290877,-1.7049167,3.1640346,-0.8371014,1.9725583,-2.2558565,-1.7114248,-1.9247496,cats
0,-337.3437,126.689445,13.349143,53.268223,-3.077339,33.043686,-6.421247,16.09078,-1.4297793,4.053961,5.458889,0.18301079,9.552035,-4.697068,5.950584,-7.6692524,3.5898895,-3.9935942,0.035342425,-1.0163394,0.26284382,6.627907,0.9974906,8.03431,1.1039565,7.164461,0.14969023,2.318279,-0.34852675,-0.44131565,0.89155895,-1.8254442,3.0880988,-0.8598614,3.8030243,-0.31499854,2.3183525,-0.70173484,-0.83561593,-1.5003814,cats
0,-223.97166,91.72408,-40.01044,39.37041,2.2211673,18.333239,-3.9565516,20.02088,9.142263,16.085215,14.688438,-2.444377,1.1650383,-5.8764715,10.276329,1.7808903,2.3217287,0.769376,7.314503,-1.9084989,-10.299359,-1.6872174,-0.9503555,1.7010094,-2.3848224,3.2946346,0.46909693,3.3179524,1.1940427,-2.6071527,-0.5365903,4.2732577,3.3273482,-3.7183506,-1.517771,-5.4690886,-0.060548298,-2.340642,-1.3803309,4.5945153,cats
0,-161.05261,119.31188,-49.539917,58.37043,-37.596622,34.496918,-21.390188,24.11098,-8.376905,7.0288405,-0.17038377,-2.1019194,7.802469,-11.208534,10.487461,-12.25431,8.540576,-10.842781,2.5295644,-5.0589995,-0.43889064,0.95168,-6.582357,3.7261896,-6.4769506,5.968144,-5.9286814,3.9877799,-3.814482,0.6327434,-1.0193303,-1.7916421,0.4967522,-4.4868703,2.4261005,-4.6681175,2.1218758,-4.2764773,0.96263343,-3.1587417,cats
0,-222.14969,134.78162,-44.904278,17.776293,-6.966556,24.44067,-2.5540957,5.6534157,5.7902155,2.3846993,2.2874904,-0.97953063,4.0987687,-3.122441,6.9134855,0.37573466,6.5615907,0.16171058,1.2189953,2.882125,0.65480953,5.1701446,0.22652921,4.387392,0.50692403,2.73963,0.66574144,2.3505654,2.4619675,1.2580405,1.1508213,-0.42421147,4.06852,0.7216483,1.8984227,-1.1789206,-0.3785842,-0.35238534,-1.3468509,-1.818129,cats
0,-395.93735,92.34886,-63.88601,-24.155483,13.131793,-18.171316,-17.011608,-8.118959,-14.717973,-8.553061,-10.805561,-17.358496,-6.37873,1.3579385,5.7896695,11.573171,3.336031,-10.208161,-12.276529,-2.8684466,8.035919,8.620659,-2.7009792,-8.807424,-1.3507208,3.6635585,2.1085038,3.6509507,11.509702,16.862736,5.6774516,-8.929655,-5.4952703,2.8454304,1.2984136,1.770409,3.8296785,-4.319888,-10.608785,-4.9172134,cats
0,-265.1746,142.05334,-64.25273,42.56174,-30.319847,24.84574,-25.982658,13.129652,-15.335286,3.392796,-1.1329737,-5.1444,7.4382977,-10.48883,9.457777,-10.326039,8.535841,-4.923382,5.3623586,-1.073825,1.104317,3.629594,-0.92481655,7.387715,-3.4735067,8.322189,-1.8589704,6.1280627,-0.348418,2.008148,1.0141474,-0.30246034,2.3237834,-2.1932077,4.042791,-1.9278479,4.6431155,-1.7738266,1.743077,-1.078321,cats
0,-269.95264,212.56693,-76.15969,17.226213,19.366386,-45.66193,8.626058,-1.6269819,-30.890272,9.638013,-7.179811,-15.151272,13.778079,-9.187745,-10.468865,6.1776624,-10.387507,-2.7238085,7.8900695,-8.530591,0.5649023,3.4954627,-10.165873,2.228478,1.4410555,-5.303335,4.306734,-1.1537014,-4.364679,4.664318,-2.2965257,-4.15656,4.126269,-3.1487143,-1.7573532,1.7848651,-5.950758,-2.149249,-0.8325493,-5.711388,cats
0,-187.7128,73.48289,-111.853065,19.358322,-44.58932,0.16428703,-28.364239,1.0725127,-20.781517,24.085564,9.585217,16.566927,-2.6290994,-28.960049,-1.9765581,-22.914574,13.839085,-20.558022,-1.8875961,-3.042417,7.3870974,11.949427,-18.708742,1.0081791,-8.253848,-3.3703568,-10.751537,-0.54523,-5.6890516,-7.8450184,-2.573299,2.8202536,-2.6264102,-5.272949,2.6874714,-11.516571,1.6860633,-4.2049675,-2.8628318,-0.6249583,cats
0,-253.15761,103.09065,-29.209618,27.212332,-18.963423,14.116666,-12.02549,10.337634,-6.6148214,0.46964332,-1.3173119,-4.7888722,2.6841938,-6.559752,5.5038476,-7.4213552,2.8466833,-6.8257923,-1.1692194,-2.7810214,-3.2823327,-0.3539356,-4.9067245,1.3356061,-4.609963,2.3532104,-2.8529189,0.730858,-2.3333,-1.2237419,-0.0865302,-1.5831034,0.57409954,-3.4151647,0.04746844,-4.504102,-0.34569654,-2.0036097,-0.6656086,-2.4679618,cats
0,-223.75368,112.620186,-32.85061,42.01169,-16.735926,24.447426,-15.792329,12.730957,-7.778535,-0.8144454,-3.5064807,-5.3864994,2.0088952,-9.26185,15.586282,-2.9376023,13.77058,2.447707,2.8104362,0.99056864,-2.8602285,1.1345112,-5.614184,2.5213525,-5.3588147,3.4948995,-1.977677,2.1871014,-0.19288711,1.7003525,5.051285,2.1539893,5.507257,-0.6700293,3.5123026,-1.6201357,1.7604939,-1.5069108,-1.4901907,-0.007940144,cats
0,-93.4554,120.13118,-138.73271,25.465008,-42.239086,12.926151,-21.090033,5.309449,-0.69011307,0.95139414,12.16845,4.6436734,14.272943,-8.948453,6.991503,-7.538143,-0.78144586,-3.9479885,-0.12755881,4.9468517,0.81155634,4.602288,0.30081797,3.6885178,-5.7721844,2.476651,-4.83717,-2.289518,-0.3089067,-1.4230424,1.388216,-4.3771825,2.7559555,-1.4368707,-0.06359638,-1.4424962,-2.1650665,-0.96658987,0.0116794575,-0.33680224,cats
0,-196.13165,86.923996,-103.48903,-26.591732,-21.76024,25.402473,-45.0734,15.103721,-4.3510685,-6.7417803,19.635328,-14.475273,-1.0809429,-23.402796,0.0934918,5.8282027,-1.5876455,-0.17367072,8.739314,19.245176,8.235777,1.3564353,-9.179971,-8.338296,-7.7040663,-1.6162802,0.56369054,-2.07634,-6.640088,1.030693,8.304304,0.7660224,-4.665889,-8.034154,-1.517226,2.904347,3.0097268,2.6132295,8.659238,5.636235,cats
0,-339.62628,69.454094,-23.172585,20.883453,-18.633087,10.303954,-15.21889,4.541437,-9.718249,-10.618145,-12.2100525,-17.827068,-4.8629384,-13.756191,-1.6038502,-9.197192,-2.6578932,-5.745837,-4.661254,-7.2056856,-8.293192,-3.7969806,-9.85794,-4.462169,-8.058509,-2.8673916,-5.648994,-3.1083052,-2.7379315,-2.8236587,-1.026088,-3.2832503,-0.42297465,-3.3115509,0.88976,-1.3693823,0.86319786,-0.089848906,-0.2911207,0.4280908,cats
0,-269.68875,94.57464,-22.916924,40.901608,-4.8232107,37.990913,2.5120647,26.944124,7.7282853,-1.0547557,6.9173803,8.83389,16.494307,-2.4240048,10.129927,1.1745908,5.53697,1.7746317,11.509581,5.9980564,-4.3614874,5.5326467,1.1012639,4.1044483,3.8694928,4.0417376,-1.1133633,4.6724796,-0.992441,2.6700895,3.5795684,-2.7185829,3.500514,-0.43041342,2.7007391,-1.0380876,3.3336892,2.4822779,-1.2923605,-0.111649685,cats
0,-276.48734,106.089035,-22.794397,58.41914,-23.741488,37.005577,-6.7954063,22.664982,7.252892,14.080653,10.765361,9.538545,14.154366,-5.3026643,5.9093685,-12.210717,7.685869,-4.498361,0.102730595,-5.8721805,-1.6555262,3.6476674,-2.1585479,3.546613,-6.141731,6.027291,-3.746001,2.192403,2.0041635,2.2011728,-0.95594215,2.2559454,6.6571736,-1.6665561,3.1936314,-2.997795,1.1313287,0.01922747,4.8953543,-1.2413017,cats
0,-162.24788,159.11525,-68.67382,21.315676,-27.063665,-1.8633788,-21.010828,-3.2474046,-11.048902,7.5906568,11.876928,-1.9994917,5.2060666,-12.973682,-1.0380636,-6.403854,-2.6897287,-7.238476,1.2873528,1.6101675,-1.8684102,0.8573677,-5.398463,1.2941172,-2.915402,2.5797863,-1.2177967,3.053548,3.767802,3.5761464,3.6777446,-1.4075066,3.3158052,0.6909828,2.8299716,0.04661923,1.5760331,-1.463314,-0.3274122,0.38477895,cats
0,-331.6158,107.378365,-16.37278,23.974966,-14.439215,14.272527,-3.2110038,8.109472,1.8036084,-0.8650135,4.698328,3.745727,7.9745646,-4.1458797,4.0502243,-1.9653294,2.9281917,0.94242495,-0.5862384,-1.1962202,-3.2004592,-0.58152246,-2.0367978,1.6016755,-3.5136936,2.0548277,-0.5985194,-1.4284614,-1.7313001,-1.0532961,1.4507244,-2.8087728,2.104279,0.028099863,0.56618136,-0.85514796,-0.57035446,0.5264468,0.57974184,0.25368762,cats
0,-174.12756,82.60905,-90.40437,-1.6626565,-15.737702,39.869797,-51.442802,36.641968,-7.5768266,-21.664997,19.233826,3.9784067,20.713959,2.4530869,9.617535,11.04763,9.935685,-13.429513,8.357764,-2.715653,-7.6690755,-3.278485,-10.09977,8.686577,11.510856,17.98825,12.752997,18.88986,-3.4881039,-9.947071,-9.187914,-2.5040138,8.386799,-6.4776025,-9.97642,-7.6436477,2.2113154,1.9985558,10.158183,-2.005363,cats
0,-348.36185,122.22395,-56.824345,54.91199,-47.55279,36.636593,-27.951796,23.31029,-25.054888,-5.7259912,-18.398367,-22.951366,-1.9174621,-25.233864,5.3481812,-19.153252,4.471761,-11.869525,1.3456863,-10.060205,-7.145933,-1.8919221,-12.226405,-1.9900806,-11.702298,1.1095316,-10.054164,0.89792883,-5.9946203,-0.23381245,-3.0116434,-2.1957142,-0.07449731,-5.058568,2.5317645,-5.2803884,3.940962,-3.536223,2.7318926,-1.7969091,cats
0,-414.54813,111.56253,15.914743,46.889248,-9.271823,20.86116,1.7990618,9.984131,5.820043,2.3516786,5.1943593,5.481861,3.3728733,-8.12281,10.8527775,-1.8990985,3.8172996,9.130227,2.3495154,2.3360221,-0.040099166,0.8506975,-0.4915794,1.1924924,-2.6911125,2.064556,-1.1269065,0.3201718,1.4094331,-0.8179582,1.4800276,1.1604621,2.2154782,0.40037838,2.47509,-0.96141636,1.8268163,1.0631675,0.7672475,2.1595912,cats
0,-295.56058,85.7443,-53.861706,27.575905,-30.124275,21.796572,-23.541172,14.524213,-10.86316,2.252799,-3.285813,-9.282042,2.8222916,-11.940306,10.379323,-11.892173,3.511058,-6.529703,-2.6292434,-6.477438,-5.8475776,-0.6639833,-6.6655817,-0.059664395,-9.138676,0.7010427,-6.741728,-1.8112111,-7.4602914,-3.820182,-1.7822032,-4.828942,-1.8928216,-5.889591,0.27413705,-6.0144625,-0.7996877,-3.9505627,-1.1210515,-2.8465672,cats
0,-215.52875,93.24735,-54.39028,35.619793,-30.27802,38.05262,-30.988464,20.205715,-5.53237,2.5438154,7.3750377,-1.5900933,1.7178026,-18.570065,1.2878954,-20.013489,3.0036159,-10.221844,-5.8340263,-7.8627434,2.3427026,6.517366,-11.597431,-3.7363794,-11.086005,-5.1265144,-9.956973,3.1271353,-4.324151,-7.153817,-2.461769,8.162395,4.672827,-9.81608,-2.0878782,-10.0250845,-3.521409,-1.9249063,-2.6989787,-7.699267,cats
0,-327.87805,77.86818,-22.3579,23.91675,-19.751656,10.89974,-13.23344,6.6057115,-12.492337,-11.896753,-15.937816,-20.258467,-5.3423905,-17.382828,-1.7753403,-10.020703,-3.113486,-5.450325,-3.792056,-6.9583783,-8.686437,-2.4785945,-10.05048,-4.3701186,-7.8069353,-3.2077248,-5.2459407,-3.0862105,-2.2388825,-2.1561513,-1.2501255,-2.7918072,-0.29035115,-3.0366023,0.8697317,-1.9438055,1.0718981,-0.54339576,-0.47137156,0.18764205,cats
0,-365.41782,102.10117,13.679623,51.76034,-2.3918157,28.151209,5.97731,11.093288,3.0936353,-0.27799878,5.4329243,6.991565,5.6390247,-8.043244,11.084138,0.10304531,0.8855369,8.594899,6.0213737,2.553943,0.7827316,1.8183069,0.9045167,1.3174279,-2.5128298,3.905247,-0.46806884,0.712561,1.1079234,-0.10660202,0.2403478,0.3952465,2.467189,-0.9947395,2.2575583,-2.4328284,0.9502149,1.2135242,-1.1084915,0.7757429,cats
0,-300.4417,113.89469,-15.651941,16.517076,-15.403995,14.055901,-3.337937,7.8495007,2.0693989,-1.7190486,0.5373076,-3.5138621,3.1329548,-5.464675,7.2373686,3.613988,7.3134756,6.462311,2.8383925,2.927335,-2.0148685,-3.3466673,-4.0384674,-1.1883174,-4.929937,1.0576818,-3.0824075,-2.8620238,-1.4723223,-1.6619009,1.6384449,-3.175951,0.8808662,0.20847724,1.6071068,-0.36440155,-1.2402468,1.3994209,0.23063268,-0.4326871,cats
0,-270.02985,64.05813,-66.59041,17.470081,6.3974175,12.753747,-6.4174833,-1.6821005,-13.661029,11.2484665,-5.662411,7.937827,35.469997,11.833923,19.321218,-6.853995,-9.227091,-9.269702,6.981685,13.296322,-4.2227526,-1.4622808,1.8005025,16.486797,7.308498,-1.8628556,4.6734614,7.795838,-4.151157,-11.3086,-2.034821,7.0129733,-0.9701554,-7.8960176,-2.0302882,-4.9823017,2.7129726,8.368635,5.2984366,-2.7224803,cats
0,-356.85587,52.324066,-83.7166,-15.044273,0.1720267,-27.011103,-12.718939,5.4223566,10.938171,3.4832428,-18.181602,-15.761074,-3.2241418,-2.673915,20.775211,30.82251,11.751315,-9.415524,-14.270199,0.26088378,5.5393443,3.4780579,-16.604124,-24.276829,6.0404267,10.064345,-6.519823,-5.4324255,1.510873,3.2031996,-3.870966,-10.853477,-3.8820648,1.3225572,-8.059149,-2.5636024,4.0167603,-6.6065874,-2.083463,4.1978035,cats
0,-259.4016,102.92574,-9.241607,49.875427,-15.923541,30.12084,-3.2570853,18.566814,8.8869095,13.82639,12.075901,7.925819,11.5973625,-3.3352983,3.224772,-10.837122,5.288509,-2.7924044,-0.28964555,-6.690441,-2.6474528,3.116508,-3.6905067,2.4079468,-5.1064897,4.5433383,-3.0270967,1.6398202,2.993066,1.859493,0.5877695,1.7119153,5.592823,-0.4850892,3.6058252,-2.1040723,1.4415433,0.5528019,3.0463333,0.05161213,cats
0,-154.29814,155.34271,-82.63104,26.538,-25.378826,0.77341634,-24.151886,-3.3385658,-7.319244,4.545148,7.5737815,-0.025096038,4.909883,-9.962398,3.5150244,-7.1191816,-0.7748024,-6.197378,2.7868721,1.9882445,-4.8081427,-1.1785654,-3.5518808,1.8583837,-2.7888427,4.9825606,0.373373,2.6547072,0.80538833,1.8776408,2.50665,-1.165497,2.6058695,0.52627075,3.5912466,0.18436788,2.8244195,0.274972,2.1308105,0.018014621,cats
0,-220.10597,114.89913,-72.654655,-3.8448427,-6.09986,48.585304,-35.689007,27.5705,9.9955845,10.469859,23.91269,-2.2221065,10.852028,-18.213346,5.170713,5.5424986,7.685736,1.9809954,8.207883,13.11131,4.6172023,3.1244085,-5.8501925,-1.8966585,-2.8447928,3.3511815,-2.4674428,3.886555,2.386354,0.17380068,4.232118,-3.0677035,-4.446405,-2.766273,0.5054775,-3.0459085,-0.09020974,-0.2173631,0.709881,-1.8787049,cats
0,-392.97208,75.13276,-45.97495,-22.648756,3.6756773,-1.071541,-18.35152,-15.136002,-3.9506915,-10.738974,0.32699788,20.019482,49.763775,68.81954,36.21211,-0.3554186,-21.640522,-19.807217,7.5174623,12.245596,-5.8529763,-20.776897,-1.0032037,30.594326,20.331263,8.145459,18.80118,20.211945,4.658566,-7.223593,1.1020093,4.208647,-3.6640575,1.7434013,5.964908,2.723998,0.7322869,3.6973615,12.791928,8.070283,cats
0,-426.45932,31.17011,-27.65653,4.565135,4.929878,7.1257606,-7.7315183,-5.3023653,-5.431581,-2.1639144,4.332857,2.8084788,5.8024883,-3.1541326,-6.9994326,-6.3799324,1.1172434,2.0738778,-7.616306,-8.663279,-1.0747606,3.826297,-1.033893,-4.610652,-3.417931,-1.7122234,-5.7726593,-4.3389897,0.4463014,-2.3727448,-4.4990363,-0.7978909,1.9771297,-1.643374,-2.0652413,-3.5222707,-4.9675245,-1.5401927,-0.86365277,-2.714292,cats
0,-348.0993,82.530975,5.826749,28.468525,-10.814962,12.392876,5.6918917,22.367418,29.823187,22.05181,19.548166,-7.214436,-7.3450103,-3.6891809,3.221028,11.992115,5.874097,10.657654,19.051554,1.982826,-9.986609,-0.40314892,8.486942,2.5911098,4.780015,13.460998,1.319226,1.7019162,5.4873567,-2.6830912,-4.3402843,8.45947,10.7803755,2.0814314,5.758188,0.027576447,2.9950173,4.6690183,-5.349639,2.6639397,cats
0,-381.87506,93.30788,10.608132,37.754932,6.407777,24.006193,8.904036,17.06762,14.35333,11.355613,15.938932,6.8544044,7.993207,0.5442532,6.2668295,8.767433,10.364698,6.3234515,8.427231,10.854401,5.598655,2.6248415,-0.6027776,4.0183654,1.6241747,2.8836246,3.9281769,3.8722088,2.639642,3.0909708,3.5903583,-0.679773,1.7878965,0.5087151,1.9829462,1.8587356,1.9094095,2.7129195,1.7248615,1.5353014,cats
0,-381.19034,133.23994,28.001783,14.799957,15.236499,22.990906,18.525528,23.473637,16.922426,13.215444,10.194228,4.6814027,4.4504313,1.064764,1.5579,-0.1970149,3.2991428,-1.6497018,-2.7729597,2.7799377,2.4008558,6.4407883,13.876343,14.8559065,6.592949,4.7445755,1.5583254,-0.80052274,1.8940383,1.7543676,-0.91941017,-2.8261979,-1.3706228,-0.35251746,1.4446577,-0.31537226,-1.0206538,-0.86198175,1.7590911,1.5332197,cats
0,-277.72867,71.32348,-72.2608,4.5656424,-46.916954,35.937233,-27.03003,-14.983413,-23.194084,-16.380957,-38.3958,-28.771618,2.898736,-10.119447,27.44551,-0.120052084,18.52749,7.4018016,-11.558598,-15.931466,-28.709864,-8.796984,-4.9740524,-3.5303104,-12.573862,-3.3038323,1.7265311,4.6135135,-5.8795657,-10.670691,5.032732,8.893313,4.5893216,-1.4539359,-3.3126814,-1.9246304,-2.5820415,-10.302517,1.2503709,-0.8125087,cats
0,-288.00198,67.3789,-51.27377,20.70139,-21.450218,13.445568,-18.826939,15.1650095,-4.4015293,4.4712286,-4.2778683,-12.240844,-0.3480098,-10.554384,9.786905,-8.594259,2.6448417,-4.6736794,-4.0294094,-7.1140304,-5.887395,0.22537056,-5.4734044,0.062294725,-7.601947,-0.10189831,-6.7313185,-3.36347,-5.0787935,-3.296497,-2.5196393,-4.453396,-1.0426556,-6.090481,-0.8296804,-5.5804996,-1.1046374,-3.6954796,-3.567182,-2.659452,cats
0,-269.89005,82.26039,-20.19173,38.48205,-5.233833,44.03338,7.8117847,47.7046,26.887365,23.702173,1.7941968,-11.643674,12.641112,11.410905,19.443398,-6.585268,16.890535,1.502202,-4.2675633,6.6179705,3.7424486,5.7848334,0.9604846,2.649237,-2.8134243,4.0051103,1.5685358,5.564236,-1.5560954,1.5839517,6.4335647,1.70346,-2.7097316,-1.8698654,3.4378147,-2.7537713,4.636137,-1.0006844,2.9130464,3.3834257,cats
0,-303.486,123.44462,-9.098829,15.816907,-11.776058,14.504889,-3.3993452,7.801698,3.3200989,-3.297105,-0.41096717,-2.4454746,2.543507,-4.770173,10.211346,5.552885,6.2186465,6.086579,2.6999056,4.263275,-1.8309977,-4.1772885,-5.325688,-3.3601947,-4.295861,0.73952943,-3.7957706,-2.7634716,-0.72693485,-1.181646,0.8243511,-4.668915,-0.37968403,0.00017374213,0.77745175,-0.49288294,-1.1005313,0.7566105,-0.965482,-0.3898301,cats
0,-446.89453,107.674835,6.996858,10.696128,10.820578,24.350527,8.109391,11.84092,12.381537,11.329683,11.78014,5.683846,6.7586737,2.3491564,4.6169653,3.2699413,3.6213415,2.4087405,2.3563216,2.1019738,1.3272971,2.8779387,0.5237792,1.4049594,0.41455913,2.0441453,1.3877568,-0.012173135,0.16106047,0.03297304,0.69483036,-0.8979064,-0.5049309,-0.97834957,-1.2152282,-1.5227702,-0.77857697,-0.27867034,-0.62075573,-0.5580708,cats
0,-257.562,103.77367,-9.433437,50.807716,-15.293993,28.566277,-3.7757828,17.860697,7.135978,13.150558,12.268381,6.524414,9.749109,-4.1099014,3.1789374,-10.507574,4.2535424,-3.219219,0.76793116,-6.01295,-0.9779051,5.0934343,-4.25158,1.6452758,-3.8764706,4.40789,-3.9962575,3.2756815,4.072328,0.47741914,0.95992583,3.078286,4.3799324,-1.390659,3.8724558,-3.326366,1.9848788,2.186445,1.8782756,0.3408783,cats
0,-423.51016,26.074219,-44.361347,-2.848202,4.4145455,-10.947811,-13.125496,-4.9726515,14.219382,20.155746,18.818432,19.322786,9.749764,-1.0292298,-9.597705,-7.1065235,4.396109,4.061687,1.145825,2.1677272,11.183336,14.294717,3.7700605,2.5024216,4.2160053,1.2883508,-0.7814772,0.67475307,3.795605,1.5124576,0.025297074,5.9601293,7.539103,2.0421233,1.8786211,3.0054195,0.6581706,1.1283946,1.7373304,0.08683554,cats
0,-136.69853,167.32687,-73.56575,22.25261,-29.036396,-1.0836861,-23.85221,-2.9213133,-12.44353,4.768492,9.064344,-6.363439,2.2730749,-12.638071,-0.2615106,-8.640039,-3.9486668,-8.079103,2.1626205,1.2061262,-4.094832,-1.3867586,-6.044836,1.3247144,-3.0814812,4.929702,-0.35418594,2.756571,2.8984265,3.3711443,4.8852606,-0.4603731,3.5931697,0.8837641,3.5676613,0.8133249,2.9250762,-0.6306089,0.15963592,0.6127802,cats
0,-123.324005,86.62075,-68.35227,57.2681,-61.854378,36.008896,-32.849354,14.5411,-29.006777,2.9606671,-8.942377,-6.2393327,14.554912,-9.043035,15.579579,-17.342554,12.952012,-6.183648,0.7245049,-14.065186,-0.840907,6.355561,-1.3396083,4.675703,-8.847324,6.2775946,-10.325424,2.3956578,-2.6561031,4.8094554,-4.248791,0.6877332,9.459789,-0.350802,3.7906892,-4.6102004,0.966674,-5.1093407,5.8160863,-4.3417377,cats
0,-293.42633,110.62851,-7.2548037,35.97447,-13.592194,29.563671,-6.739514,10.415317,-5.2994194,0.8394976,5.517253,0.43071505,7.724733,-9.27138,-0.060184322,-13.549759,1.4602414,-2.1527274,-2.0751503,-2.742341,-2.827417,5.1951604,-1.0182263,3.358764,-2.7170963,4.145033,-1.6339314,1.0628237,3.1124597,0.94906837,0.56496495,0.5267284,5.9677525,-1.1585705,2.3502932,-1.6427124,-2.03386,-1.0952066,1.088663,-0.42440465,cats
0,-191.28964,116.67824,-22.080212,38.212242,-10.119138,16.032162,0.23735796,9.90192,5.5545425,2.107307,4.698611,-5.3908067,1.1737809,-5.617153,4.3907533,7.2334185,12.622821,9.310471,10.364561,6.502972,-1.5735105,2.5293097,2.7875526,3.3160005,-1.1601974,1.4185892,-2.186336,0.15681301,2.0863423,0.09435421,0.060282264,0.123047195,3.3009784,1.7576281,3.738082,1.3024732,2.4178872,1.8264197,1.1757483,1.3695585,cats
0,-281.77478,102.39347,-10.260878,30.854242,-9.384541,27.260702,-4.4759264,9.287545,-4.1079445,2.0404317,6.1667743,0.68337846,7.3249025,-6.9773107,1.0421648,-10.626655,1.9848107,-2.0503929,-1.5629804,-1.3248231,-0.9943893,5.181914,-0.6385596,5.486446,-1.7305335,3.946393,-1.2297859,1.1203854,3.8425233,-0.6508631,0.4136635,0.9605777,4.837491,-2.4604352,2.3488586,-0.84008956,-1.5955151,1.5456113,-0.34100804,-1.8789445,cats
0,-200.25832,119.68072,-62.74118,49.865555,-53.168644,28.917765,-39.990494,26.379047,-29.179033,-7.452212,-12.054445,-13.613191,4.682789,-12.193348,9.326782,-22.123213,7.845207,-14.530942,1.2186754,-8.984312,-0.3417427,-0.093267575,-8.641673,4.4936814,-7.5950217,6.0476675,-7.4768014,3.720824,-6.9581943,1.4482778,-1.8109949,-1.1728047,1.4116479,-4.2669945,2.9234169,-3.1200223,5.623071,-3.6999187,4.504243,-1.5512161,cats
0,-201.50986,153.46576,-97.60626,2.6542747,-26.666748,-25.066994,-34.44749,-8.66966,-31.992785,-6.3031487,-14.377142,-8.545614,8.183738,-19.118498,3.55887,-19.24394,-5.865897,-7.5202394,-10.684141,0.5542736,-12.478017,-5.5378704,-2.8941214,-2.5311217,-2.6175404,-0.6247993,-4.4335823,-1.6376396,-7.5970097,3.303357,1.2869788,-7.8646913,3.353662,-3.3527186,2.0625362,-0.6575504,-2.6567738,-1.0544624,-4.113731,-2.3665762,cats
0,-159.9715,133.19167,-81.253586,41.61679,-30.259434,18.921453,-30.52312,19.361721,-11.293863,-9.114674,6.578262,-12.078928,1.7593007,-10.6271925,12.817952,-6.1585984,8.864802,2.2268143,-0.19892904,-1.1512315,-4.189004,7.0633826,-1.2308725,5.1313734,-0.83119565,2.578462,-2.2058942,0.6051764,0.09092579,0.73279697,3.485438,5.889139,7.3451986,0.3797265,1.1490675,-4.307258,2.6962745,1.1333491,1.9154028,1.1983464,cats
0,-287.14062,106.57306,-2.2991438,29.779755,-10.507411,26.387335,-4.8192606,9.0827675,-4.469775,-1.089131,3.5877721,1.148392,7.4944177,-6.319825,0.8945898,-12.503169,0.15306278,-2.557923,-1.9839306,-2.2082083,-3.272383,4.3010345,-0.26003686,4.5307136,-0.99182177,4.039285,-1.1606767,0.4564271,2.5938368,0.95955014,0.9305401,-0.05227301,4.869059,-1.2930212,2.2635255,-0.37240678,-1.2479364,0.16542883,1.4041432,0.015142459,cats
0,-233.42749,142.15982,-95.76315,-2.4810393,-20.826988,-25.812202,-27.28164,-11.708805,-24.202705,-4.2189665,-13.96252,-4.7930784,8.855839,-10.881662,5.9728885,-15.888826,-8.493877,-8.496999,-8.311068,1.3937341,-11.664144,-7.7908225,-4.14061,-1.4811889,0.07779232,-2.330982,-5.2789845,-0.23291428,-7.815894,-0.63131803,-0.46115538,-7.505715,2.0202184,-2.0103524,2.2219036,-1.6358263,-2.7285502,0.9211706,-4.480444,-3.8858967,cats
0,-156.88121,164.5127,-94.16243,5.501033,-31.833267,-25.51631,-38.90452,-7.4443154,-36.05119,-11.613847,-17.172226,-11.114939,6.105691,-22.345196,2.5025482,-20.440184,-5.0159698,-10.31185,-12.956111,1.1543415,-9.76751,-4.9604177,-7.0944247,-3.9873123,-1.9792153,0.8422571,-4.9160967,-0.9383506,-4.995859,4.941044,1.8742628,-7.700979,3.2702892,-3.8644238,1.9769738,-0.43680108,-0.9106138,-0.7757234,-3.3429637,0.26440525,cats
